Data;Unidade;Ocupacao;Tipo de Leito;Semana Epidemiologica;Total
10/07/2020;Franciscano;90;UTI;29;17
10/07/2020;PSC;50;UTI;29;7
10/07/2020;HLP;57;UTI;29;30
11/07/2020;Franciscano;60;UTI;29;17
11/07/2020;PSC;50;UTI;29;7
12/07/2020;HLP;53;UTI;29;30
13/07/2020;Franciscano;35;UTI;29;17
13/07/2020;HLP;50;UTI;29;30
15/07/2020;Franciscano;29;UTI;29;17
15/07/2020;PSC;38;UTI;29;7
15/07/2020;HLP;50;UTI;29;30
16/07/2020;HLP;50;UTI;29;30
21/07/2020;Franciscano;60;UTI;30;17
21/07/2020;PSC;63;UTI;30;7
21/07/2020;HLP;40;UTI;30;30
22/07/2020;Franciscano;50;UTI;30;17
22/07/2020;PSC;100;UTI;30;7
22/07/2020;HLP;47;UTI;30;30
23/07/2020;Franciscano;41;UTI;30;17
23/07/2020;PSC;63;UTI;30;7
23/07/2020;HLP;40;UTI;30;30
24/07/2020;Franciscano;70;UTI;30;17
24/07/2020;PSC;62;UTI;30;7
24/07/2020;HLP;43;UTI;30;30
25/07/2020;Franciscano;41;UTI;30;17
25/07/2020;PSC;62;UTI;30;7
25/07/2020;HLP;40;UTI;30;30
26/07/2020;Franciscano;47;UTI;30;17
26/07/2020;PSC;88;UTI;30;7
26/07/2020;HLP;43;UTI;30;30
27/07/2020;PSC;88;UTI;31;7
27/07/2020;HLP;43;UTI;31;30
28/07/2020;Franciscano;100;UTI;31;17
28/07/2020;PSC;75;UTI;31;7
28/07/2020;HLP;30;UTI;31;30
29/07/2020;Franciscano;100;UTI;31;17
29/07/2020;HLP;20;UTI;31;30
02/08/2020;Franciscano;82;UTI;31;17
02/08/2020;PSC;75;UTI;31;7
02/08/2020;HLP;10;UTI;31;30
03/08/2020;Franciscano;88;UTI;32;17
03/08/2020;PSC;88;UTI;32;7
03/08/2020;HLP;13;UTI;32;30
03/08/2020;HMD;31;UTI;32;20
04/08/2020;Franciscano;88;UTI;32;17
04/08/2020;PSC;88;UTI;32;7
04/08/2020;HMD;38;UTI;32;20
05/08/2020;Franciscano;88;UTI;32;17
05/08/2020;PSC;75;UTI;32;7
05/08/2020;PSI;50;UTI;32;8
05/08/2020;HMD;31;UTI;32;20
06/08/2020;Franciscano;88;UTI;32;17
06/08/2020;PSC;50;UTI;32;7
06/08/2020;PSI;50;UTI;32;8
06/08/2020;HMD;31;UTI;32;15
07/08/2020;Franciscano;100;UTI;32;17
07/08/2020;PSC;86;UTI;32;7
07/08/2020;PSI;25;UTI;32;8
07/08/2020;HMD;27;UTI;32;15
08/08/2020;Franciscano;100;UTI;32;17
08/08/2020;PSC;88;UTI;32;7
08/08/2020;HMD;40;UTI;32;15
09/08/2020;PSI;25;UTI;33;8
09/08/2020;HMD;47;UTI;33;15
10/08/2020;Franciscano;65;UTI;33;17
10/08/2020;PSC;86;UTI;33;7
10/08/2020;PSI;25;UTI;33;8
10/08/2020;HMD;47;UTI;33;15
11/08/2020;Franciscano;82;UTI;33;17
11/08/2020;PSI;38;UTI;33;8
11/08/2020;HMD;47;UTI;33;15
12/08/2020;Franciscano;100;UTI;33;17
12/08/2020;PSC;71;UTI;33;7
12/08/2020;PSI;38;UTI;33;8
12/08/2020;HMD;47;UTI;33;15
13/08/2020;Franciscano;94;UTI;33;17
13/08/2020;PSC;57;UTI;33;7
13/08/2020;PSI;38;UTI;33;8
13/08/2020;HMD;47;UTI;33;15
14/08/2020;Franciscano;100;UTI;33;17
14/08/2020;PSC;57;UTI;33;7
14/08/2020;HMD;47;UTI;33;15
15/08/2020;Franciscano;100;UTI;33;17
15/08/2020;PSC;57;UTI;33;7
15/08/2020;HMD;53;UTI;33;15
16/08/2020;Franciscano;94;UTI;34;17
16/08/2020;PSC;63;UTI;34;7
16/08/2020;HMD;62;UTI;34;15
17/08/2020;PSI;50;UTI;34;8
17/08/2020;Franciscano;88;UTI;34;17
17/08/2020;PSC;13;UTI;34;7
17/08/2020;HMD;53;UTI;34;15
18/08/2020;Franciscano;82;UTI;34;17
18/08/2020;PSC;14;UTI;34;7
18/08/2020;HMD;53;UTI;34;15
19/08/2020;Franciscano;71;UTI;34;17
19/08/2020;PSC;14;UTI;34;7
19/08/2020;HMD;47;UTI;34;15
20/08/2020;Franciscano;59;UTI;34;17
20/08/2020;PSC;14;UTI;34;7
20/08/2020;HMD;47;UTI;34;15
21/08/2020;PSI;25;UTI;34;NI
21/08/2020;Franciscano;65;UTI;34;17
21/08/2020;PSC;14;UTI;34;7
21/08/2020;HMD;40;UTI;34;15
22/08/2020;PSI;38;UTI;34;NI
22/08/2020;Franciscano;76;UTI;34;17
22/08/2020;PSC;0;UTI;34;7
22/08/2020;HMD;40;UTI;34;15
23/08/2020;PSI;25;UTI;35;NI
23/08/2020;Franciscano;82;UTI;35;17
23/08/2020;PSC;0;UTI;35;7
23/08/2020;HMD;33;UTI;35;15
24/08/2020;PSI;25;UTI;35;NI
24/08/2020;Franciscano;76;UTI;35;17
24/08/2020;PSC;0;UTI;35;7
24/08/2020;HMD;27;UTI;35;15
25/08/2020;PSI;25;UTI;35;NI
25/08/2020;Franciscano;53;UTI;35;17
25/08/2020;PSC;0;UTI;35;7
25/08/2020;HMD;33;UTI;35;15
26/08/2020;PSI;50;UTI;35;NI
26/08/2020;Franciscano;59;UTI;35;17
26/08/2020;PSC;0;UTI;35;7
26/08/2020;HMD;27;UTI;35;15
27/08/2020;PSI;50;UTI;35;NI
27/08/2020;Franciscano;53;UTI;35;17
27/08/2020;PSC;14;UTI;35;7
27/08/2020;HMD;27;UTI;35;15
28/08/2020;PSI;38;UTI;35;NI
28/08/2020;Franciscano;53;UTI;35;17
28/08/2020;PSC;14;UTI;35;7
28/08/2020;HMD;33;UTI;35;15
29/08/2020;PSI;38;UTI;35;NI
29/08/2020;Franciscano;71;UTI;35;17
29/08/2020;PSC;29;UTI;35;7
29/08/2020;HMD;33;UTI;35;15
30/08/2020;PSI;38;UTI;36;NI
30/08/2020;Franciscano;59;UTI;36;17
30/08/2020;PSC;14;UTI;36;7
30/08/2020;HMD;40;UTI;36;15
31/08/2020;PSI;38;UTI;36;NI
31/08/2020;Franciscano;65;UTI;36;17
31/08/2020;PSC;29;UTI;36;7
31/08/2020;HMD;40;UTI;36;15
01/09/2020;Franciscano;65;UTI;36;17
01/09/2020;PSC;29;UTI;36;7
01/09/2020;HMD;40;UTI;36;15
02/09/2020;PSI;50;UTI;36;NI
02/09/2020;Franciscano;59;UTI;36;17
02/09/2020;PSC;29;UTI;36;7
02/09/2020;HMD;40;UTI;36;15
03/09/2020;PSI;13;UTI;36;NI
03/09/2020;Franciscano;53;UTI;36;17
03/09/2020;PSC;0;UTI;36;7
03/09/2020;HMD;33;UTI;36;15
04/09/2020;PSI;13;UTI;36;NI
04/09/2020;Franciscano;53;UTI;36;17
04/09/2020;PSC;0;UTI;36;7
04/09/2020;HMD;40;UTI;36;15
05/09/2020;PSI;50;UTI;36;NI
05/09/2020;Franciscano;47;UTI;36;17
05/09/2020;PSC;14;UTI;36;7
05/09/2020;HMD;40;UTI;36;15
06/09/2020;PSI;50;UTI;37;NI
06/09/2020;Franciscano;53;UTI;37;17
06/09/2020;PSC;14;UTI;37;7
06/09/2020;HMD;33;UTI;37;15
07/09/2020;PSI;50;UTI;37;NI
07/09/2020;Franciscano;59;UTI;37;17
07/09/2020;PSC;14;UTI;37;7
07/09/2020;HMD;33;UTI;37;15
08/09/2020;PSI;63;UTI;37;NI
08/09/2020;Franciscano;76;UTI;37;17
08/09/2020;PSC;29;UTI;37;7
08/09/2020;HMD;33;UTI;37;15
09/09/2020;PSI;75;UTI;37;NI
09/09/2020;Franciscano;94;UTI;37;17
09/09/2020;PSC;29;UTI;37;7
09/09/2020;HMD;33;UTI;37;15
10/09/2020;PSI;50;UTI;37;NI
10/09/2020;Franciscano;82;UTI;37;17
10/09/2020;PSC;14;UTI;37;7
10/09/2020;HMD;40;UTI;37;15
11/09/2020;PSI;50;UTI;37;NI
11/09/2020;Franciscano;88;UTI;37;17
11/09/2020;PSC;43;UTI;37;7
11/09/2020;HMD;27;UTI;37;15
12/09/2020;PSI;75;UTI;37;NI
12/09/2020;Franciscano;71;UTI;37;17
12/09/2020;PSC;86;UTI;37;7
12/09/2020;HMD;27;UTI;37;15
13/09/2020;PSI;75;UTI;38;NI
13/09/2020;Franciscano;88;UTI;38;17
13/09/2020;PSC;86;UTI;38;7
13/09/2020;HMD;27;UTI;38;15
14/09/2020;PSI;75;UTI;38;NI
14/09/2020;Franciscano;100;UTI;38;17
14/09/2020;PSC;71;UTI;38;7
14/09/2020;HMD;47;UTI;38;15
15/09/2020;PSI;63;UTI;38;NI
15/09/2020;Franciscano;88;UTI;38;17
15/09/2020;PSC;57;UTI;38;7
15/09/2020;HMD;47;UTI;38;15
16/09/2020;PSI;38;UTI;38;NI
16/09/2020;Franciscano;94;UTI;38;17
16/09/2020;PSC;57;UTI;38;7
16/09/2020;HMD;47;UTI;38;15
17/09/2020;PSI;50;UTI;38;NI
17/09/2020;Franciscano;94;UTI;38;17
17/09/2020;PSC;86;UTI;38;7
17/09/2020;HMD;47;UTI;38;15
18/09/2020;PSI;50;UTI;38;NI
18/09/2020;Franciscano;88;UTI;38;17
18/09/2020;PSC;71;UTI;38;7
18/09/2020;HMD;47;UTI;38;15
19/09/2020;PSI;50;UTI;38;NI
19/09/2020;Franciscano;76;UTI;38;17
19/09/2020;PSC;86;UTI;38;7
19/09/2020;HMD;47;UTI;38;15
20/09/2020;PSI;38;UTI;39;NI
20/09/2020;Franciscano;76;UTI;39;17
20/09/2020;PSC;57;UTI;39;7
20/09/2020;HMD;53;UTI;39;15
21/09/2020;PSI;50;UTI;39;NI
21/09/2020;Franciscano;71;UTI;39;17
21/09/2020;PSC;71;UTI;39;7
21/09/2020;HMD;47;UTI;39;15
22/09/2020;PSI;63;UTI;39;NI
22/09/2020;Franciscano;76;UTI;39;17
22/09/2020;PSC;57;UTI;39;7
22/09/2020;HMD;33;UTI;39;15
23/09/2020;PSI;63;UTI;39;NI
23/09/2020;Franciscano;76;UTI;39;17
23/09/2020;PSC;57;UTI;39;7
23/09/2020;HMD;40;UTI;39;15
24/09/2020;PSI;63;UTI;39;NI
24/09/2020;Franciscano;71;UTI;39;17
24/09/2020;PSC;43;UTI;39;7
24/09/2020;HMD;33;UTI;39;15
25/09/2020;PSI;50;UTI;39;NI
25/09/2020;Franciscano;71;UTI;39;17
25/09/2020;PSC;29;UTI;39;7
25/09/2020;HMD;33;UTI;39;15
26/09/2020;PSI;50;UTI;39;NI
26/09/2020;Franciscano;59;UTI;39;17
26/09/2020;PSC;43;UTI;39;7
26/09/2020;HMD;33;UTI;39;15
27/09/2020;PSI;50;UTI;40;NI
27/09/2020;Franciscano;59;UTI;40;17
27/09/2020;PSC;71;UTI;40;7
27/09/2020;HMD;33;UTI;40;15
28/09/2020;PSI;38;UTI;40;NI
28/09/2020;Franciscano;71;UTI;40;17
28/09/2020;PSC;43;UTI;40;7
28/09/2020;HMD;33;UTI;40;15
29/09/2020;PSI;38;UTI;40;NI
29/09/2020;Franciscano;59;UTI;40;17
29/09/2020;PSC;71;UTI;40;7
29/09/2020;HMD;47;UTI;40;15
30/09/2020;PSI;63;UTI;40;NI
30/09/2020;Franciscano;47;UTI;40;17
30/09/2020;PSC;71;UTI;40;7
30/09/2020;HMD;53;UTI;40;15
01/10/2020;PSI;38;UTI;40;NI
01/10/2020;Franciscano;47;UTI;40;17
01/10/2020;PSC;43;UTI;40;7
01/10/2020;HMD;67;UTI;40;15
02/10/2020;PSI;75;UTI;40;NI
02/10/2020;Franciscano;47;UTI;40;17
02/10/2020;PSC;43;UTI;40;7
02/10/2020;HMD;67;UTI;40;15
03/10/2020;PSI;63;UTI;40;NI
03/10/2020;Franciscano;59;UTI;40;17
03/10/2020;PSC;57;UTI;40;7
03/10/2020;HMD;67;UTI;40;15
04/10/2020;PSI;75;UTI;41;NI
04/10/2020;Franciscano;59;UTI;41;17
04/10/2020;PSC;43;UTI;41;7
04/10/2020;HMD;60;UTI;41;15
05/10/2020;PSI;88;UTI;41;NI
05/10/2020;Franciscano;71;UTI;41;17
05/10/2020;PSC;57;UTI;41;7
05/10/2020;HMD;67;UTI;41;15
06/10/2020;PSI;63;UTI;41;NI
06/10/2020;Franciscano;82;UTI;41;17
06/10/2020;PSC;43;UTI;41;7
06/10/2020;HMD;53;UTI;41;15
07/10/2020;PSI;50;UTI;41;NI
07/10/2020;Franciscano;82;UTI;41;17
07/10/2020;PSC;43;UTI;41;7
07/10/2020;HMD;60;UTI;41;15
08/10/2020;PSI;50;UTI;41;NI
08/10/2020;Franciscano;88;UTI;41;17
08/10/2020;PSC;57;UTI;41;7
08/10/2020;HMD;60;UTI;41;15
09/10/2020;PSI;38;UTI;41;NI
09/10/2020;Franciscano;88;UTI;41;17
09/10/2020;PSC;71;UTI;41;7
09/10/2020;HMD;60;UTI;41;15
10/10/2020;PSI;25;UTI;41;NI
10/10/2020;Franciscano;71;UTI;41;17
10/10/2020;PSC;71;UTI;41;7
10/10/2020;HMD;53;UTI;41;15
11/10/2020;PSI;13;UTI;42;NI
11/10/2020;Franciscano;65;UTI;42;17
11/10/2020;PSC;71;UTI;42;7
11/10/2020;HMD;53;UTI;42;15
12/10/2020;PSI;13;UTI;42;NI
12/10/2020;Franciscano;65;UTI;42;17
12/10/2020;PSC;43;UTI;42;7
12/10/2020;HMD;40;UTI;42;15
13/10/2020;PSI;25;UTI;42;NI
13/10/2020;Franciscano;65;UTI;42;17
13/10/2020;PSC;29;UTI;42;7
13/10/2020;HMD;33;UTI;42;15
14/10/2020;PSI;25;UTI;42;NI
14/10/2020;Franciscano;71;UTI;42;17
14/10/2020;PSC;29;UTI;42;7
14/10/2020;HMD;40;UTI;42;15
15/10/2020;PSI;38;UTI;42;NI
15/10/2020;Franciscano;59;UTI;42;17
15/10/2020;PSC;43;UTI;42;7
15/10/2020;HMD;33;UTI;42;15
16/10/2020;PSI;50;UTI;42;NI
16/10/2020;Franciscano;71;UTI;42;17
16/10/2020;PSC;14;UTI;42;7
16/10/2020;HMD;33;UTI;42;15
17/10/2020;PSI;38;UTI;42;NI
17/10/2020;Franciscano;65;UTI;42;17
17/10/2020;PSC;14;UTI;42;7
17/10/2020;HMD;33;UTI;42;15
18/10/2020;PSI;50;UTI;43;NI
18/10/2020;Franciscano;71;UTI;43;17
18/10/2020;PSC;57;UTI;43;7
18/10/2020;HMD;33;UTI;43;15
19/10/2020;PSI;38;UTI;43;NI
19/10/2020;Franciscano;82;UTI;43;17
19/10/2020;PSC;57;UTI;43;7
19/10/2020;HMD;33;UTI;43;15
20/10/2020;PSI;25;UTI;43;NI
20/10/2020;Franciscano;88;UTI;43;17
20/10/2020;PSC;86;UTI;43;7
20/10/2020;HMD;27;UTI;43;15
21/10/2020;PSI;25;UTI;43;NI
21/10/2020;Franciscano;82;UTI;43;17
21/10/2020;PSC;57;UTI;43;7
21/10/2020;HMD;27;UTI;43;15
22/10/2020;PSI;50;UTI;43;NI
22/10/2020;Franciscano;71;UTI;43;17
22/10/2020;PSC;57;UTI;43;7
22/10/2020;HMD;20;UTI;43;15
23/10/2020;PSI;50;UTI;43;NI
23/10/2020;Franciscano;88;UTI;43;17
23/10/2020;PSC;86;UTI;43;7
23/10/2020;HMD;20;UTI;43;15
24/10/2020;PSI;75;UTI;43;NI
24/10/2020;Franciscano;88;UTI;43;17
24/10/2020;PSC;71;UTI;43;7
24/10/2020;HMD;33;UTI;43;15
25/10/2020;PSI;38;UTI;44;NI
25/10/2020;Franciscano;88;UTI;44;17
25/10/2020;PSC;57;UTI;44;7
25/10/2020;HMD;33;UTI;44;15
26/10/2020;PSI;38;UTI;44;NI
26/10/2020;Franciscano;76;UTI;44;17
26/10/2020;PSC;43;UTI;44;7
26/10/2020;HMD;47;UTI;44;15
27/10/2020;PSI;38;UTI;44;NI
27/10/2020;Franciscano;88;UTI;44;17
27/10/2020;PSC;29;UTI;44;7
27/10/2020;HMD;40;UTI;44;15
28/10/2020;PSI;50;UTI;44;NI
28/10/2020;Franciscano;88;UTI;44;17
28/10/2020;PSC;29;UTI;44;7
28/10/2020;HMD;47;UTI;44;15
29/10/2020;PSI;50;UTI;44;NI
29/10/2020;Franciscano;76;UTI;44;17
29/10/2020;PSC;57;UTI;44;7
29/10/2020;HMD;53;UTI;44;15
30/10/2020;PSI;63;UTI;44;NI
30/10/2020;Franciscano;94;UTI;44;17
30/10/2020;PSC;71;UTI;44;7
30/10/2020;HMD;53;UTI;44;15
31/10/2020;PSI;50;UTI;44;NI
31/10/2020;Franciscano;88;UTI;44;17
31/10/2020;PSC;57;UTI;44;7
31/10/2020;HMD;60;UTI;44;15
01/11/2020;PSI;63;UTI;45;NI
01/11/2020;Franciscano;100;UTI;45;17
01/11/2020;PSC;57;UTI;45;7
01/11/2020;HMD;60;UTI;45;15
02/11/2020;PSI;63;UTI;45;NI
02/11/2020;Franciscano;100;UTI;45;17
02/11/2020;PSC;57;UTI;45;7
02/11/2020;HMD;67;UTI;45;15
03/11/2020;PSI;50;UTI;45;NI
03/11/2020;Franciscano;88;UTI;45;17
03/11/2020;PSC;86;UTI;45;7
03/11/2020;HMD;53;UTI;45;15
04/11/2020;PSI;63;UTI;45;NI
04/11/2020;Franciscano;71;UTI;45;17
04/11/2020;PSC;86;UTI;45;7
04/11/2020;HMD;53;UTI;45;15
05/11/2020;PSI;75;UTI;45;NI
05/11/2020;Franciscano;65;UTI;45;17
05/11/2020;PSC;100;UTI;45;7
05/11/2020;HMD;67;UTI;45;15
06/11/2020;PSI;50;UTI;45;NI
06/11/2020;Franciscano;76;UTI;45;17
06/11/2020;PSC;86;UTI;45;7
06/11/2020;HMD;67;UTI;45;15
07/11/2020;PSI;50;UTI;45;NI
07/11/2020;Franciscano;76;UTI;45;17
07/11/2020;PSC;100;UTI;45;7
07/11/2020;HMD;67;UTI;45;15
08/11/2020;PSI;25;UTI;46;NI
08/11/2020;Franciscano;82;UTI;46;17
08/11/2020;PSC;71;UTI;46;7
08/11/2020;HMD;60;UTI;46;15
09/11/2020;PSI;25;UTI;46;NI
09/11/2020;Franciscano;94;UTI;46;17
09/11/2020;PSC;100;UTI;46;7
09/11/2020;HMD;60;UTI;46;15
10/11/2020;PSI;25;UTI;46;NI
10/11/2020;Franciscano;88;UTI;46;17
10/11/2020;PSC;100;UTI;46;7
10/11/2020;HMD;67;UTI;46;15
11/11/2020;PSI;25;UTI;46;NI
11/11/2020;Franciscano;100;UTI;46;17
11/11/2020;PSC;100;UTI;46;7
11/11/2020;HMD;67;UTI;46;15
12/11/2020;PSI;13;UTI;46;NI
12/11/2020;Franciscano;100;UTI;46;17
12/11/2020;PSC;100;UTI;46;7
12/11/2020;HMD;67;UTI;46;15
13/11/2020;PSI;25;UTI;46;NI
13/11/2020;Franciscano;100;UTI;46;17
13/11/2020;PSC;100;UTI;46;7
13/11/2020;HMD;67;UTI;46;15
14/11/2020;PSI;13;UTI;46;NI
14/11/2020;Franciscano;100;UTI;46;17
14/11/2020;PSC;100;UTI;46;7
14/11/2020;HMD;67;UTI;46;15
15/11/2020;PSI;25;UTI;47;NI
15/11/2020;Franciscano;94;UTI;47;17
15/11/2020;PSC;100;UTI;47;7
15/11/2020;HMD;67;UTI;47;15
16/11/2020;PSI;13;UTI;47;NI
16/11/2020;Franciscano;94;UTI;47;17
16/11/2020;PSC;100;UTI;47;7
16/11/2020;HMD;67;UTI;47;15
17/11/2020;PSI;13;UTI;47;NI
17/11/2020;Franciscano;88;UTI;47;17
17/11/2020;PSC;80;UTI;47;7
17/11/2020;HMD;67;UTI;47;15
18/11/2020;PSI;13;UTI;47;NI
18/11/2020;Franciscano;100;UTI;47;17
18/11/2020;PSC;100;UTI;47;7
18/11/2020;HMD;60;UTI;47;15
19/11/2020;PSI;13;UTI;47;NI
19/11/2020;Franciscano;82;UTI;47;17
19/11/2020;PSC;100;UTI;47;7
19/11/2020;HMD;67;UTI;47;15
20/11/2020;PSI;25;UTI;47;NI
20/11/2020;Franciscano;100;UTI;47;17
20/11/2020;PSC;100;UTI;47;7
20/11/2020;HMD;60;UTI;47;15
21/11/2020;PSI;50;UTI;47;NI
21/11/2020;Franciscano;94;UTI;47;17
21/11/2020;PSC;100;UTI;47;7
21/11/2020;HMD;67;UTI;47;15
22/11/2020;PSI;38;UTI;48;NI
22/11/2020;Franciscano;100;UTI;48;17
22/11/2020;PSC;100;UTI;48;7
22/11/2020;HMD;67;UTI;48;15
23/11/2020;PSI;25;UTI;48;NI
23/11/2020;Franciscano;100;UTI;48;17
23/11/2020;PSC;71;UTI;48;7
23/11/2020;HMD;67;UTI;48;15
24/11/2020;PSI;50;UTI;48;NI
24/11/2020;Franciscano;94;UTI;48;17
24/11/2020;PSC;100;UTI;48;7
24/11/2020;HMD;67;UTI;48;15
25/11/2020;PSI;50;UTI;48;NI
25/11/2020;Franciscano;94;UTI;48;17
25/11/2020;PSC;100;UTI;48;7
25/11/2020;HMD;50;UTI;48;20
26/11/2020;PSI;63;UTI;48;NI
26/11/2020;Franciscano;94;UTI;48;17
26/11/2020;PSC;71;UTI;48;7
26/11/2020;HMD;55;UTI;48;20
27/11/2020;PSI;63;UTI;48;NI
27/11/2020;Franciscano;100;UTI;48;17
27/11/2020;PSC;43;UTI;48;7
27/11/2020;HMD;55;UTI;48;20
28/11/2020;PSI;38;UTI;48;NI
28/11/2020;Franciscano;88;UTI;48;17
28/11/2020;PSC;71;UTI;48;7
28/11/2020;HMD;50;UTI;48;20
29/11/2020;PSI;63;UTI;49;NI
29/11/2020;Franciscano;88;UTI;49;17
29/11/2020;PSC;71;UTI;49;7
29/11/2020;HMD;55;UTI;49;20
30/11/2020;PSI;63;UTI;49;NI
30/11/2020;Franciscano;100;UTI;49;17
30/11/2020;PSC;57;UTI;49;7
30/11/2020;HMD;55;UTI;49;20
01/12/2020;PSI;50;UTI;49;NI
01/12/2020;Franciscano;82;UTI;49;17
01/12/2020;PSC;86;UTI;49;7
01/12/2020;HMD;80;UTI;49;20
02/12/2020;PSI;50;UTI;49;NI
02/12/2020;Franciscano;100;UTI;49;17
02/12/2020;PSC;86;UTI;49;7
02/12/2020;HMD;60;UTI;49;20
03/12/2020;PSI;50;UTI;49;NI
03/12/2020;Franciscano;94;UTI;49;17
03/12/2020;PSC;86;UTI;49;7
03/12/2020;HMD;65;UTI;49;20
04/12/2020;PSI;75;UTI;49;NI
04/12/2020;Franciscano;94;UTI;49;17
04/12/2020;PSC;86;UTI;49;7
04/12/2020;HMD;75;UTI;49;20
05/12/2020;PSI;50;UTI;49;8
05/12/2020;Franciscano;88;UTI;49;17
05/12/2020;PSC;86;UTI;49;7
05/12/2020;HMD;65;UTI;49;20
06/12/2020;PSI;25;UTI;50;8
06/12/2020;Franciscano;71;UTI;50;17
06/12/2020;PSC;100;UTI;50;7
06/12/2020;HMD;70;UTI;50;20
07/12/2020;PSI;38;UTI;50;8
07/12/2020;Franciscano;88;UTI;50;17
07/12/2020;PSC;100;UTI;50;7
07/12/2020;HMD;88;UTI;50;20
08/12/2020;PSI;25;UTI;50;8
08/12/2020;Franciscano;76;UTI;50;17
08/12/2020;PSC;71;UTI;50;7
08/12/2020;HMD;65;UTI;50;20
09/12/2020;PSI;25;UTI;50;8
09/12/2020;Franciscano;88;UTI;50;17
09/12/2020;PSC;57;UTI;50;7
09/12/2020;HMD;70;UTI;50;20
10/12/2020;PSI;50;UTI;50;8
10/12/2020;Franciscano;94;UTI;50;17
10/12/2020;PSC;86;UTI;50;7
10/12/2020;HMD;80;UTI;50;20
11/12/2020;PSI;50;UTI;50;8
11/12/2020;Franciscano;88;UTI;50;17
11/12/2020;PSC;100;UTI;50;7
11/12/2020;HMD;75;UTI;50;20
12/12/2020;PSI;63;UTI;50;8
12/12/2020;Franciscano;100;UTI;50;17
12/12/2020;PSC;100;UTI;50;7
12/12/2020;HMD;75;UTI;50;20
13/12/2020;PSI;50;UTI;51;8
13/12/2020;Franciscano;100;UTI;51;17
13/12/2020;PSC;100;UTI;51;7
13/12/2020;HMD;60;UTI;51;20
14/12/2020;PSI;38;UTI;51;8
14/12/2020;Franciscano;88;UTI;51;17
14/12/2020;PSC;71;UTI;51;7
14/12/2020;HMD;65;UTI;51;20
15/12/2020;PSI;38;UTI;51;8
15/12/2020;Franciscano;100;UTI;51;17
15/12/2020;PSC;71;UTI;51;7
15/12/2020;HMD;65;UTI;51;20
16/12/2020;PSI;38;UTI;51;8
16/12/2020;Franciscano;100;UTI;51;17
16/12/2020;PSC;86;UTI;51;7
16/12/2020;HMD;55;UTI;51;20
17/12/2020;PSI;38;UTI;51;8
17/12/2020;Franciscano;100;UTI;51;17
17/12/2020;PSC;71;UTI;51;7
17/12/2020;HMD;70;UTI;51;20
18/12/2020;PSI;38;UTI;51;8
18/12/2020;Franciscano;88;UTI;51;17
18/12/2020;PSC;57;UTI;51;7
18/12/2020;HMD;75;UTI;51;20
19/12/2020;PSI;50;UTI;51;8
19/12/2020;Franciscano;88;UTI;51;17
19/12/2020;PSC;100;UTI;51;7
19/12/2020;HMD;75;UTI;51;20
20/12/2020;PSI;50;UTI;52;8
20/12/2020;Franciscano;88;UTI;52;17
20/12/2020;PSC;100;UTI;52;7
20/12/2020;HMD;85;UTI;52;20
21/12/2020;PSI;50;UTI;52;8
21/12/2020;Franciscano;88;UTI;52;17
21/12/2020;PSC;86;UTI;52;7
21/12/2020;HMD;85;UTI;52;20
22/12/2020;PSI;25;UTI;52;8
22/12/2020;Franciscano;94;UTI;52;17
22/12/2020;PSC;86;UTI;52;7
22/12/2020;HMD;65;UTI;52;20
23/12/2020;PSI;38;UTI;52;8
23/12/2020;Franciscano;76;UTI;52;17
23/12/2020;PSC;71;UTI;52;7
23/12/2020;HMD;75;UTI;52;20
24/12/2020;PSI;50;UTI;52;8
24/12/2020;Franciscano;82;UTI;52;17
24/12/2020;PSC;71;UTI;52;7
24/12/2020;HMD;65;UTI;52;20
25/12/2020;PSI;63;UTI;52;8
25/12/2020;Franciscano;82;UTI;52;17
25/12/2020;PSC;71;UTI;52;7
25/12/2020;HMD;70;UTI;52;20
26/12/2020;PSI;50;UTI;52;8
26/12/2020;Franciscano;88;UTI;52;17
26/12/2020;PSC;86;UTI;52;7
26/12/2020;HMD;60;UTI;52;20
27/12/2020;PSI;50;UTI;53;8
27/12/2020;Franciscano;94;UTI;53;17
27/12/2020;PSC;75;UTI;53;7
27/12/2020;HMD;80;UTI;53;20
28/12/2020;PSI;50;UTI;53;8
28/12/2020;Franciscano;100;UTI;53;17
28/12/2020;PSC;86;UTI;53;7
28/12/2020;HMD;65;UTI;53;20
29/12/2020;PSI;38;UTI;53;8
29/12/2020;Franciscano;100;UTI;53;17
29/12/2020;PSC;29;UTI;53;7
29/12/2020;HMD;30;UTI;53;20
30/12/2020;PSI;50;UTI;53;8
30/12/2020;Franciscano;100;UTI;53;17
30/12/2020;PSC;57;UTI;53;7
30/12/2020;HMD;25;UTI;53;20
31/12/2020;PSI;50;UTI;53;8
31/12/2020;Franciscano;94;UTI;53;17
31/12/2020;PSC;57;UTI;53;7
31/12/2020;HMD;40;UTI;53;20
01/01/2021;PSI;50;UTI;53;8
01/01/2021;Franciscano;82;UTI;53;17
01/01/2021;PSC;57;UTI;53;7
01/01/2021;HMD;45;UTI;53;20
02/01/2021;PSI;75;UTI;53;8
02/01/2021;Franciscano;76;UTI;53;17
02/01/2021;PSC;71;UTI;53;7
02/01/2021;HMD;50;UTI;53;20
03/01/2021;PSI;63;UTI;1;8
03/01/2021;Franciscano;76;UTI;1;17
03/01/2021;PSC;71;UTI;1;7
03/01/2021;HMD;45;UTI;1;20
04/01/2021;PSI;75;UTI;1;8
04/01/2021;Franciscano;71;UTI;1;17
04/01/2021;PSC;71;UTI;1;7
04/01/2021;HMD;40;UTI;1;20
05/01/2021;PSI;75;UTI;1;8
05/01/2021;Franciscano;59;UTI;1;17
05/01/2021;PSC;71;UTI;1;7
05/01/2021;HMD;30;UTI;1;20
06/01/2021;PSI;75;UTI;1;8
06/01/2021;Franciscano;53;UTI;1;17
06/01/2021;PSC;71;UTI;1;7
06/01/2021;HMD;25;UTI;1;20
07/01/2021;PSI;75;UTI;1;8
07/01/2021;Franciscano;71;UTI;1;17
07/01/2021;PSC;71;UTI;1;7
07/01/2021;HMD;35;UTI;1;20
08/01/2021;PSI;88;UTI;1;8
08/01/2021;Franciscano;76;UTI;1;17
08/01/2021;PSC;43;UTI;1;7
08/01/2021;HMD;35;UTI;1;20
09/01/2021;PSI;75;UTI;1;8
09/01/2021;Franciscano;71;UTI;1;17
09/01/2021;PSC;57;UTI;1;7
09/01/2021;HMD;40;UTI;1;20
10/01/2021;PSI;75;UTI;2;8
10/01/2021;Franciscano;88;UTI;2;17
10/01/2021;PSC;43;UTI;2;7
10/01/2021;HMD;30;UTI;2;20
11/01/2021;PSI;75;UTI;2;8
11/01/2021;Franciscano;100;UTI;2;17
11/01/2021;PSC;43;UTI;2;7
11/01/2021;HMD;25;UTI;2;20
12/01/2021;PSI;50;UTI;2;8
12/01/2021;Franciscano;100;UTI;2;17
12/01/2021;PSC;29;UTI;2;7
12/01/2021;HMD;30;UTI;2;20
13/01/2021;PSI;50;UTI;2;8
13/01/2021;Franciscano;88;UTI;2;17
13/01/2021;PSC;14;UTI;2;7
13/01/2021;HMD;45;UTI;2;20
14/01/2021;PSI;75;UTI;2;8
14/01/2021;Franciscano;88;UTI;2;17
14/01/2021;PSC;14;UTI;2;7
14/01/2021;HMD;55;UTI;2;20
15/01/2021;PSI;88;UTI;2;8
15/01/2021;Franciscano;88;UTI;2;17
15/01/2021;PSC;14;UTI;2;7
15/01/2021;HMD;50;UTI;2;20
16/01/2021;PSI;88;UTI;2;8
16/01/2021;Franciscano;82;UTI;2;17
16/01/2021;PSC;29;UTI;2;7
16/01/2021;HMD;50;UTI;2;20
17/01/2021;PSI;88;UTI;3;8
17/01/2021;Franciscano;76;UTI;3;17
17/01/2021;PSC;29;UTI;3;7
17/01/2021;HMD;50;UTI;3;20
18/01/2021;PSI;88;UTI;3;8
18/01/2021;Franciscano;71;UTI;3;17
18/01/2021;PSC;14;UTI;3;7
18/01/2021;HMD;45;UTI;3;20
19/01/2021;PSI;63;UTI;3;8
19/01/2021;Franciscano;65;UTI;3;17
19/01/2021;PSC;0;UTI;3;7
19/01/2021;HMD;60;UTI;3;20
20/01/2021;PSI;50;UTI;3;8
20/01/2021;Franciscano;59;UTI;3;17
20/01/2021;PSC;0;UTI;3;7
20/01/2021;HMD;60;UTI;3;20
21/01/2021;PSI;50;UTI;3;8
21/01/2021;Franciscano;71;UTI;3;17
21/01/2021;PSC;14;UTI;3;7
21/01/2021;HMD;50;UTI;3;20
22/01/2021;PSI;25;UTI;3;8
22/01/2021;Franciscano;76;UTI;3;17
22/01/2021;PSC;0;UTI;3;7
22/01/2021;HMD;50;UTI;3;20
23/01/2021;PSI;25;UTI;3;8
23/01/2021;Franciscano;88;UTI;3;17
23/01/2021;PSC;13;UTI;3;7
23/01/2021;HMD;45;UTI;3;20
24/01/2021;PSI;25;UTI;4;8
24/01/2021;Franciscano;82;UTI;4;17
24/01/2021;PSC;10;UTI;4;7
24/01/2021;HMD;50;UTI;4;20
25/01/2021;PSI;38;UTI;4;8
25/01/2021;Franciscano;82;UTI;4;17
25/01/2021;PSC;10;UTI;4;7
25/01/2021;HMD;50;UTI;4;20
26/01/2021;PSI;63;UTI;4;8
26/01/2021;Franciscano;59;UTI;4;17
26/01/2021;PSC;29;UTI;4;7
26/01/2021;HMD;60;UTI;4;20
27/01/2021;PSI;63;UTI;4;8
27/01/2021;Franciscano;53;UTI;4;17
27/01/2021;PSC;43;UTI;4;7
27/01/2021;HMD;60;UTI;4;20
28/01/2021;PSI;75;UTI;4;8
28/01/2021;Franciscano;59;UTI;4;17
28/01/2021;PSC;57;UTI;4;7
28/01/2021;HMD;50;UTI;4;20
29/01/2021;PSI;75;UTI;4;8
29/01/2021;Franciscano;53;UTI;4;17
29/01/2021;PSC;29;UTI;4;7
29/01/2021;HMD;25;UTI;4;20
30/01/2021;PSI;88;UTI;4;8
30/01/2021;Franciscano;47;UTI;4;17
30/01/2021;PSC;29;UTI;4;7
30/01/2021;HMD;25;UTI;4;20
31/01/2021;PSI;88;UTI;5;8
31/01/2021;Franciscano;47;UTI;5;17
31/01/2021;PSC;29;UTI;5;7
31/01/2021;HMD;30;UTI;5;20
01/02/2021;PSI;63;UTI;5;8
01/02/2021;Franciscano;53;UTI;5;17
01/02/2021;PSC;43;UTI;5;7
01/02/2021;HMD;30;UTI;5;20
02/02/2021;PSI;50;UTI;5;8
02/02/2021;Franciscano;65;UTI;5;17
02/02/2021;PSC;29;UTI;5;7
02/02/2021;HMD;20;UTI;5;20
03/02/2021;PSI;38;UTI;5;8
03/02/2021;Franciscano;71;UTI;5;17
03/02/2021;PSC;43;UTI;5;7
03/02/2021;HMD;20;UTI;5;20
04/02/2021;PSI;50;UTI;5;8
04/02/2021;Franciscano;59;UTI;5;17
04/02/2021;PSC;57;UTI;5;7
04/02/2021;HMD;30;UTI;5;20
05/02/2021;PSI;63;UTI;5;8
05/02/2021;Franciscano;41;UTI;5;17
05/02/2021;PSC;29;UTI;5;7
05/02/2021;HMD;35;UTI;5;20
06/02/2021;PSI;88;UTI;5;8
06/02/2021;Franciscano;53;UTI;5;17
06/02/2021;PSC;43;UTI;5;7
06/02/2021;HMD;40;UTI;5;20
07/02/2021;PSI;88;UTI;6;8
07/02/2021;Franciscano;71;UTI;6;17
07/02/2021;PSC;57;UTI;6;7
07/02/2021;HMD;40;UTI;6;20
08/02/2021;PSI;75;UTI;6;8
08/02/2021;Franciscano;71;UTI;6;17
08/02/2021;PSC;57;UTI;6;7
08/02/2021;HMD;30;UTI;6;20
09/02/2021;PSI;50;UTI;6;8
09/02/2021;Franciscano;53;UTI;6;17
09/02/2021;PSC;43;UTI;6;7
09/02/2021;HMD;35;UTI;6;20
10/02/2021;PSI;50;UTI;6;8
10/02/2021;Franciscano;53;UTI;6;17
10/02/2021;PSC;43;UTI;6;7
10/02/2021;HMD;35;UTI;6;20
11/02/2021;PSI;88;UTI;6;8
11/02/2021;Franciscano;53;UTI;6;17
11/02/2021;PSC;29;UTI;6;7
11/02/2021;HMD;45;UTI;6;20
12/02/2021;PSI;75;UTI;6;8
12/02/2021;Franciscano;59;UTI;6;17
12/02/2021;PSC;29;UTI;6;7
12/02/2021;HMD;40;UTI;6;20
13/02/2021;PSI;88;UTI;6;8
13/02/2021;Franciscano;53;UTI;6;17
13/02/2021;PSC;29;UTI;6;7
13/02/2021;HMD;30;UTI;6;20
14/02/2021;PSI;88;UTI;7;8
14/02/2021;Franciscano;59;UTI;7;17
14/02/2021;PSC;29;UTI;7;7
14/02/2021;HMD;30;UTI;7;20
15/02/2021;PSI;88;UTI;7;8
15/02/2021;Franciscano;53;UTI;7;17
15/02/2021;PSC;14;UTI;7;7
15/02/2021;HMD;30;UTI;7;20
16/02/2021;PSI;63;UTI;7;8
16/02/2021;Franciscano;53;UTI;7;17
16/02/2021;PSC;29;UTI;7;7
16/02/2021;HMD;25;UTI;7;20
17/02/2021;PSI;75;UTI;7;8
17/02/2021;Franciscano;47;UTI;7;17
17/02/2021;PSC;14;UTI;7;7
17/02/2021;HMD;20;UTI;7;20
18/02/2021;PSI;75;UTI;7;8
18/02/2021;Franciscano;41;UTI;7;17
18/02/2021;PSC;14;UTI;7;7
18/02/2021;HMD;30;UTI;7;20
19/02/2021;PSI;88;UTI;7;8
19/02/2021;Franciscano;29;UTI;7;17
19/02/2021;PSC;29;UTI;7;7
19/02/2021;HMD;35;UTI;7;20
20/02/2021;PSI;88;UTI;7;8
20/02/2021;Franciscano;24;UTI;7;17
20/02/2021;PSC;43;UTI;7;7
20/02/2021;HMD;30;UTI;7;20
21/02/2021;PSI;75;UTI;8;8
21/02/2021;Franciscano;24;UTI;8;17
21/02/2021;PSC;29;UTI;8;7
21/02/2021;HMD;30;UTI;8;20
22/02/2021;PSI;75;UTI;8;8
22/02/2021;Franciscano;47;UTI;8;17
22/02/2021;PSC;14;UTI;8;7
22/02/2021;HMD;30;UTI;8;20
23/02/2021;PSI;50;UTI;8;8
23/02/2021;Franciscano;41;UTI;8;17
23/02/2021;PSC;29;UTI;8;7
23/02/2021;HMD;30;UTI;8;20
24/02/2021;PSI;13;UTI;8;8
24/02/2021;Franciscano;35;UTI;8;17
24/02/2021;PSC;29;UTI;8;7
24/02/2021;HMD;35;UTI;8;20
25/02/2021;PSI;25;UTI;8;8
25/02/2021;Franciscano;65;UTI;8;17
25/02/2021;PSC;0;UTI;8;7
25/02/2021;HMD;30;UTI;8;20
26/02/2021;PSI;38;UTI;8;8
26/02/2021;Franciscano;53;UTI;8;17
26/02/2021;PSC;57;UTI;8;7
26/02/2021;HMD;25;UTI;8;20
27/02/2021;PSI;63;UTI;8;8
27/02/2021;Franciscano;59;UTI;8;17
27/02/2021;PSC;29;UTI;8;7
27/02/2021;HMD;40;UTI;8;20
28/02/2021;PSI;75;UTI;9;8
28/02/2021;Franciscano;71;UTI;9;17
28/02/2021;PSC;43;UTI;9;7
28/02/2021;HMD;40;UTI;9;20
01/03/2021;PSI;88;UTI;9;8
01/03/2021;Franciscano;82;UTI;9;17
01/03/2021;PSC;29;UTI;9;7
01/03/2021;HMD;55;UTI;9;20
02/03/2021;PSI;63;UTI;9;8
02/03/2021;Franciscano;94;UTI;9;17
02/03/2021;PSC;43;UTI;9;7
02/03/2021;HMD;50;UTI;9;20
10/08/2020;PSI;83;Enfermaria;33;40
10/08/2020;PSC;40;Enfermaria;33;5
10/08/2020;Franciscano;25;Enfermaria;33;6
10/08/2020;HMD;20;Enfermaria;33;30
11/08/2020;PSC;40;Enfermaria;33;40
11/08/2020;Franciscano;28;Enfermaria;33;6
11/08/2020;HMD;27;Enfermaria;33;30
12/08/2020;PSC;60;Enfermaria;33;40
12/08/2020;Franciscano;20;Enfermaria;33;5
12/08/2020;HMD;23;Enfermaria;33;6
13/08/2020;PSC;80;Enfermaria;33;30
13/08/2020;Franciscano;18;Enfermaria;33;40
13/08/2020;HMD;27;Enfermaria;33;5
14/08/2020;PSC;80;Enfermaria;33;6
14/08/2020;Franciscano;15;Enfermaria;33;30
14/08/2020;HMD;27;Enfermaria;33;40
15/08/2020;PSC;40;Enfermaria;33;5
15/08/2020;Franciscano;18;Enfermaria;33;30
15/08/2020;HMD;23;Enfermaria;33;40
16/08/2020;PSC;100;Enfermaria;34;5
16/08/2020;Franciscano;18;Enfermaria;34;30
16/08/2020;HMD;20;Enfermaria;34;40
17/08/2020;PSC;100;Enfermaria;34;5
17/08/2020;Franciscano;18;Enfermaria;34;30
17/08/2020;HMD;20;Enfermaria;34;6
18/08/2020;PSC;40;Enfermaria;34;40
18/08/2020;Franciscano;18;Enfermaria;34;5
18/08/2020;HMD;33;Enfermaria;34;30
19/08/2020;PSC;40;Enfermaria;34;40
19/08/2020;Franciscano;33;Enfermaria;34;5
19/08/2020;HMD;43;Enfermaria;34;30
20/08/2020;PSC;40;Enfermaria;34;40
20/08/2020;Franciscano;15;Enfermaria;34;5
20/08/2020;HMD;41;Enfermaria;34;30
21/08/2020;PSI;17;Enfermaria;34;40
21/08/2020;PSC;0;Enfermaria;34;5
21/08/2020;Franciscano;38;Enfermaria;34;32
21/08/2020;HMD;38;Enfermaria;34;NI
22/08/2020;PSI;0;Enfermaria;34;40
22/08/2020;PSC;20;Enfermaria;34;5
22/08/2020;Franciscano;35;Enfermaria;34;32
22/08/2020;HMD;38;Enfermaria;34;NI
23/08/2020;PSI;0;Enfermaria;35;40
23/08/2020;Franciscano;35;Enfermaria;35;5
23/08/2020;HMD;38;Enfermaria;35;32
24/08/2020;PSI;0;Enfermaria;35;NI
24/08/2020;PSC;60;Enfermaria;35;40
24/08/2020;Franciscano;35;Enfermaria;35;5
24/08/2020;HMD;38;Enfermaria;35;32
25/08/2020;PSI;17;Enfermaria;35;NI
25/08/2020;PSC;80;Enfermaria;35;40
25/08/2020;Franciscano;40;Enfermaria;35;5
25/08/2020;HMD;47;Enfermaria;35;32
26/08/2020;PSI;17;Enfermaria;35;NI
26/08/2020;PSC;40;Enfermaria;35;40
26/08/2020;Franciscano;40;Enfermaria;35;5
26/08/2020;HMD;41;Enfermaria;35;32
27/08/2020;PSI;33;Enfermaria;35;NI
27/08/2020;PSC;80;Enfermaria;35;40
27/08/2020;Franciscano;43;Enfermaria;35;5
27/08/2020;HMD;34;Enfermaria;35;32
28/08/2020;PSI;50;Enfermaria;35;NI
28/08/2020;PSC;100;Enfermaria;35;40
28/08/2020;Franciscano;45;Enfermaria;35;5
28/08/2020;HMD;28;Enfermaria;35;32
29/08/2020;PSI;50;Enfermaria;35;NI
29/08/2020;PSC;20;Enfermaria;35;40
29/08/2020;Franciscano;45;Enfermaria;35;5
29/08/2020;HMD;31;Enfermaria;35;32
30/08/2020;PSI;0;Enfermaria;36;NI
30/08/2020;Franciscano;35;Enfermaria;36;40
30/08/2020;PSC;20;Enfermaria;36;5
30/08/2020;HMD;31;Enfermaria;36;32
31/08/2020;PSI;0;Enfermaria;36;NI
31/08/2020;Franciscano;35;Enfermaria;36;40
31/08/2020;PSC;40;Enfermaria;36;5
31/08/2020;HMD;31;Enfermaria;36;32
01/09/2020;Franciscano;33;Enfermaria;36;NI
01/09/2020;PSC;40;Enfermaria;36;40
01/09/2020;HMD;38;Enfermaria;36;5
02/09/2020;PSI;17;Enfermaria;36;32
02/09/2020;Franciscano;35;Enfermaria;36;40
02/09/2020;PSC;100;Enfermaria;36;5
02/09/2020;HMD;47;Enfermaria;36;32
03/09/2020;PSI;71;Enfermaria;36;NI
03/09/2020;Franciscano;35;Enfermaria;36;40
03/09/2020;PSC;40;Enfermaria;36;5
03/09/2020;HMD;47;Enfermaria;36;32
04/09/2020;PSI;71;Enfermaria;36;NI
04/09/2020;Franciscano;38;Enfermaria;36;40
04/09/2020;PSC;20;Enfermaria;36;5
04/09/2020;HMD;41;Enfermaria;36;32
05/09/2020;PSI;33;Enfermaria;36;NI
05/09/2020;Franciscano;33;Enfermaria;36;40
05/09/2020;PSC;40;Enfermaria;36;5
05/09/2020;HMD;34;Enfermaria;36;32
06/09/2020;PSI;33;Enfermaria;37;NI
06/09/2020;Franciscano;28;Enfermaria;37;40
06/09/2020;PSC;80;Enfermaria;37;5
06/09/2020;HMD;41;Enfermaria;37;32
07/09/2020;PSI;33;Enfermaria;37;NI
07/09/2020;Franciscano;28;Enfermaria;37;40
07/09/2020;PSC;20;Enfermaria;37;5
07/09/2020;HMD;34;Enfermaria;37;32
08/09/2020;PSI;0;Enfermaria;37;NI
08/09/2020;Franciscano;25;Enfermaria;37;40
08/09/2020;PSC;20;Enfermaria;37;5
08/09/2020;HMD;38;Enfermaria;37;32
09/09/2020;PSI;17;Enfermaria;37;NI
09/09/2020;Franciscano;15;Enfermaria;37;40
09/09/2020;PSC;20;Enfermaria;37;5
09/09/2020;HMD;31;Enfermaria;37;32
10/09/2020;PSI;17;Enfermaria;37;NI
10/09/2020;Franciscano;15;Enfermaria;37;40
10/09/2020;PSC;100;Enfermaria;37;5
10/09/2020;HMD;31;Enfermaria;37;32
11/09/2020;PSI;33;Enfermaria;37;NI
11/09/2020;Franciscano;20;Enfermaria;37;40
11/09/2020;PSC;100;Enfermaria;37;5
11/09/2020;HMD;38;Enfermaria;37;32
12/09/2020;PSI;0;Enfermaria;37;NI
12/09/2020;Franciscano;23;Enfermaria;37;40
12/09/2020;PSC;80;Enfermaria;37;5
12/09/2020;HMD;14;Enfermaria;37;32
13/09/2020;PSI;33;Enfermaria;38;NI
13/09/2020;Franciscano;33;Enfermaria;38;40
13/09/2020;PSC;40;Enfermaria;38;5
13/09/2020;HMD;47;Enfermaria;38;32
14/09/2020;PSI;67;Enfermaria;38;NI
14/09/2020;Franciscano;40;Enfermaria;38;40
14/09/2020;PSC;100;Enfermaria;38;5
14/09/2020;HMD;41;Enfermaria;38;32
15/09/2020;PSI;83;Enfermaria;38;NI
15/09/2020;Franciscano;40;Enfermaria;38;40
15/09/2020;PSC;40;Enfermaria;38;5
15/09/2020;HMD;41;Enfermaria;38;32
16/09/2020;PSI;67;Enfermaria;38;NI
16/09/2020;Franciscano;38;Enfermaria;38;40
16/09/2020;PSC;100;Enfermaria;38;5
16/09/2020;HMD;34;Enfermaria;38;32
17/09/2020;PSI;50;Enfermaria;38;NI
17/09/2020;Franciscano;40;Enfermaria;38;40
17/09/2020;PSC;100;Enfermaria;38;5
17/09/2020;HMD;34;Enfermaria;38;32
18/09/2020;PSI;50;Enfermaria;38;NI
18/09/2020;Franciscano;35;Enfermaria;38;40
18/09/2020;PSC;60;Enfermaria;38;5
18/09/2020;HMD;34;Enfermaria;38;32
19/09/2020;PSI;50;Enfermaria;38;NI
19/09/2020;Franciscano;48;Enfermaria;38;40
19/09/2020;PSC;100;Enfermaria;38;5
19/09/2020;HMD;34;Enfermaria;38;32
20/09/2020;PSI;17;Enfermaria;39;NI
20/09/2020;Franciscano;45;Enfermaria;39;40
20/09/2020;PSC;100;Enfermaria;39;5
20/09/2020;HMD;31;Enfermaria;39;32
21/09/2020;PSI;17;Enfermaria;39;NI
21/09/2020;Franciscano;5;Enfermaria;39;40
21/09/2020;PSC;20;Enfermaria;39;5
21/09/2020;HMD;28;Enfermaria;39;32
22/09/2020;PSI;17;Enfermaria;39;NI
22/09/2020;Franciscano;45;Enfermaria;39;40
22/09/2020;PSC;0;Enfermaria;39;5
22/09/2020;HMD;38;Enfermaria;39;32
23/09/2020;PSI;67;Enfermaria;39;NI
23/09/2020;Franciscano;45;Enfermaria;39;40
23/09/2020;PSC;60;Enfermaria;39;5
23/09/2020;HMD;34;Enfermaria;39;32
24/09/2020;PSI;50;Enfermaria;39;NI
24/09/2020;Franciscano;43;Enfermaria;39;40
24/09/2020;PSC;60;Enfermaria;39;5
24/09/2020;HMD;41;Enfermaria;39;32
25/09/2020;PSI;83;Enfermaria;39;NI
25/09/2020;Franciscano;33;Enfermaria;39;40
25/09/2020;PSC;40;Enfermaria;39;5
25/09/2020;HMD;47;Enfermaria;39;32
26/09/2020;PSI;100;Enfermaria;39;NI
26/09/2020;Franciscano;38;Enfermaria;39;40
26/09/2020;PSC;80;Enfermaria;39;5
26/09/2020;HMD;41;Enfermaria;39;32
27/09/2020;PSI;67;Enfermaria;40;NI
27/09/2020;Franciscano;40;Enfermaria;40;40
27/09/2020;PSC;40;Enfermaria;40;5
27/09/2020;HMD;44;Enfermaria;40;32
28/09/2020;PSI;67;Enfermaria;40;NI
28/09/2020;Franciscano;38;Enfermaria;40;40
28/09/2020;PSC;60;Enfermaria;40;5
28/09/2020;HMD;50;Enfermaria;40;32
29/09/2020;PSI;33;Enfermaria;40;NI
29/09/2020;Franciscano;35;Enfermaria;40;40
29/09/2020;PSC;80;Enfermaria;40;5
29/09/2020;HMD;47;Enfermaria;40;32
30/09/2020;PSI;50;Enfermaria;40;NI
30/09/2020;Franciscano;30;Enfermaria;40;40
30/09/2020;PSC;40;Enfermaria;40;5
30/09/2020;HMD;38;Enfermaria;40;32
01/10/2020;PSI;50;Enfermaria;40;NI
01/10/2020;Franciscano;35;Enfermaria;40;40
01/10/2020;PSC;60;Enfermaria;40;5
01/10/2020;HMD;41;Enfermaria;40;32
02/10/2020;PSI;67;Enfermaria;40;NI
02/10/2020;Franciscano;25;Enfermaria;40;40
02/10/2020;PSC;20;Enfermaria;40;5
02/10/2020;HMD;44;Enfermaria;40;32
03/10/2020;PSI;83;Enfermaria;40;NI
03/10/2020;Franciscano;20;Enfermaria;40;40
03/10/2020;PSC;60;Enfermaria;40;5
03/10/2020;HMD;34;Enfermaria;40;32
04/10/2020;PSI;50;Enfermaria;41;NI
04/10/2020;Franciscano;25;Enfermaria;41;40
04/10/2020;PSC;60;Enfermaria;41;5
04/10/2020;HMD;31;Enfermaria;41;32
05/10/2020;PSI;17;Enfermaria;41;NI
05/10/2020;Franciscano;23;Enfermaria;41;40
05/10/2020;PSC;20;Enfermaria;41;5
05/10/2020;HMD;31;Enfermaria;41;32
06/10/2020;PSI;17;Enfermaria;41;NI
06/10/2020;Franciscano;28;Enfermaria;41;40
06/10/2020;PSC;20;Enfermaria;41;5
06/10/2020;HMD;25;Enfermaria;41;32
07/10/2020;PSI;50;Enfermaria;41;NI
07/10/2020;Franciscano;25;Enfermaria;41;40
07/10/2020;PSC;60;Enfermaria;41;5
07/10/2020;HMD;28;Enfermaria;41;32
08/10/2020;PSI;100;Enfermaria;41;NI
08/10/2020;Franciscano;23;Enfermaria;41;40
08/10/2020;PSC;100;Enfermaria;41;5
08/10/2020;HMD;22;Enfermaria;41;32
09/10/2020;PSI;67;Enfermaria;41;NI
09/10/2020;Franciscano;23;Enfermaria;41;40
09/10/2020;PSC;60;Enfermaria;41;5
09/10/2020;HMD;25;Enfermaria;41;32
10/10/2020;PSI;0;Enfermaria;41;NI
10/10/2020;Franciscano;18;Enfermaria;41;40
10/10/2020;PSC;20;Enfermaria;41;5
10/10/2020;HMD;25;Enfermaria;41;32
11/10/2020;PSI;0;Enfermaria;42;NI
11/10/2020;Franciscano;15;Enfermaria;42;40
11/10/2020;PSC;40;Enfermaria;42;5
11/10/2020;HMD;16;Enfermaria;42;32
12/10/2020;PSI;0;Enfermaria;42;NI
12/10/2020;Franciscano;15;Enfermaria;42;40
12/10/2020;PSC;40;Enfermaria;42;5
12/10/2020;HMD;9;Enfermaria;42;32
13/10/2020;PSI;0;Enfermaria;42;NI
13/10/2020;Franciscano;20;Enfermaria;42;40
13/10/2020;PSC;0;Enfermaria;42;5
13/10/2020;HMD;13;Enfermaria;42;32
14/10/2020;PSI;0;Enfermaria;42;NI
14/10/2020;Franciscano;20;Enfermaria;42;40
14/10/2020;PSC;0;Enfermaria;42;5
14/10/2020;HMD;13;Enfermaria;42;32
15/10/2020;PSI;0;Enfermaria;42;NI
15/10/2020;Franciscano;18;Enfermaria;42;40
15/10/2020;PSC;20;Enfermaria;42;5
15/10/2020;HMD;16;Enfermaria;42;32
16/10/2020;PSI;0;Enfermaria;42;NI
16/10/2020;Franciscano;20;Enfermaria;42;40
16/10/2020;PSC;20;Enfermaria;42;5
16/10/2020;HMD;13;Enfermaria;42;32
17/10/2020;PSI;67;Enfermaria;42;NI
17/10/2020;Franciscano;15;Enfermaria;42;40
17/10/2020;PSC;20;Enfermaria;42;5
17/10/2020;HMD;13;Enfermaria;42;32
18/10/2020;PSI;67;Enfermaria;43;NI
18/10/2020;Franciscano;13;Enfermaria;43;40
18/10/2020;PSC;20;Enfermaria;43;5
18/10/2020;HMD;16;Enfermaria;43;32
19/10/2020;PSI;33;Enfermaria;43;NI
19/10/2020;Franciscano;10;Enfermaria;43;40
19/10/2020;PSC;0;Enfermaria;43;5
19/10/2020;HMD;19;Enfermaria;43;32
20/10/2020;PSI;50;Enfermaria;43;NI
20/10/2020;Franciscano;10;Enfermaria;43;40
20/10/2020;PSC;0;Enfermaria;43;5
20/10/2020;HMD;31;Enfermaria;43;32
21/10/2020;PSI;67;Enfermaria;43;NI
21/10/2020;Franciscano;20;Enfermaria;43;40
21/10/2020;PSC;0;Enfermaria;43;5
21/10/2020;HMD;31;Enfermaria;43;32
22/10/2020;PSI;67;Enfermaria;43;NI
22/10/2020;Franciscano;30;Enfermaria;43;40
22/10/2020;PSC;0;Enfermaria;43;5
22/10/2020;HMD;31;Enfermaria;43;32
23/10/2020;PSI;67;Enfermaria;43;NI
23/10/2020;Franciscano;25;Enfermaria;43;40
23/10/2020;PSC;0;Enfermaria;43;5
23/10/2020;HMD;28;Enfermaria;43;32
24/10/2020;PSI;100;Enfermaria;43;NI
24/10/2020;Franciscano;20;Enfermaria;43;40
24/10/2020;PSC;0;Enfermaria;43;5
24/10/2020;HMD;31;Enfermaria;43;32
25/10/2020;PSI;100;Enfermaria;44;NI
25/10/2020;Franciscano;23;Enfermaria;44;40
25/10/2020;PSC;60;Enfermaria;44;5
25/10/2020;HMD;31;Enfermaria;44;32
26/10/2020;PSI;67;Enfermaria;44;NI
26/10/2020;Franciscano;35;Enfermaria;44;40
26/10/2020;PSC;80;Enfermaria;44;5
26/10/2020;HMD;28;Enfermaria;44;32
27/10/2020;PSI;67;Enfermaria;44;NI
27/10/2020;Franciscano;25;Enfermaria;44;40
27/10/2020;PSC;60;Enfermaria;44;5
27/10/2020;HMD;31;Enfermaria;44;32
28/10/2020;PSI;50;Enfermaria;44;NI
28/10/2020;Franciscano;30;Enfermaria;44;40
28/10/2020;PSC;40;Enfermaria;44;5
28/10/2020;HMD;28;Enfermaria;44;32
29/10/2020;PSI;100;Enfermaria;44;NI
29/10/2020;Franciscano;28;Enfermaria;44;40
29/10/2020;PSC;100;Enfermaria;44;5
29/10/2020;HMD;34;Enfermaria;44;32
30/10/2020;PSI;67;Enfermaria;44;NI
30/10/2020;Franciscano;33;Enfermaria;44;40
30/10/2020;PSC;80;Enfermaria;44;5
30/10/2020;HMD;44;Enfermaria;44;32
31/10/2020;PSI;67;Enfermaria;44;NI
31/10/2020;Franciscano;48;Enfermaria;44;40
31/10/2020;PSC;80;Enfermaria;44;5
31/10/2020;HMD;44;Enfermaria;44;32
01/11/2020;PSI;100;Enfermaria;45;NI
01/11/2020;Franciscano;43;Enfermaria;45;40
01/11/2020;PSC;40;Enfermaria;45;5
01/11/2020;HMD;53;Enfermaria;45;32
02/11/2020;PSI;100;Enfermaria;45;NI
02/11/2020;Franciscano;38;Enfermaria;45;40
02/11/2020;PSC;40;Enfermaria;45;5
02/11/2020;HMD;50;Enfermaria;45;32
03/11/2020;PSI;100;Enfermaria;45;NI
03/11/2020;Franciscano;43;Enfermaria;45;40
03/11/2020;PSC;60;Enfermaria;45;5
03/11/2020;HMD;56;Enfermaria;45;32
04/11/2020;PSI;100;Enfermaria;45;NI
04/11/2020;Franciscano;40;Enfermaria;45;40
04/11/2020;PSC;80;Enfermaria;45;5
04/11/2020;HMD;63;Enfermaria;45;32
05/11/2020;PSI;33;Enfermaria;45;NI
05/11/2020;Franciscano;45;Enfermaria;45;40
05/11/2020;PSC;100;Enfermaria;45;5
05/11/2020;HMD;41;Enfermaria;45;32
06/11/2020;PSI;67;Enfermaria;45;NI
06/11/2020;Franciscano;33;Enfermaria;45;40
06/11/2020;PSC;100;Enfermaria;45;5
06/11/2020;HMD;34;Enfermaria;45;32
07/11/2020;PSI;100;Enfermaria;45;NI
07/11/2020;Franciscano;30;Enfermaria;45;40
07/11/2020;PSC;100;Enfermaria;45;5
07/11/2020;HMD;34;Enfermaria;45;32
08/11/2020;PSI;50;Enfermaria;46;NI
08/11/2020;Franciscano;35;Enfermaria;46;40
08/11/2020;PSC;100;Enfermaria;46;5
08/11/2020;HMD;38;Enfermaria;46;32
09/11/2020;Franciscano;30;Enfermaria;46;NI
09/11/2020;PSC;60;Enfermaria;46;40
09/11/2020;HMD;47;Enfermaria;46;5
10/11/2020;PSI;83;Enfermaria;46;32
10/11/2020;Franciscano;33;Enfermaria;46;NI
10/11/2020;PSC;20;Enfermaria;46;40
10/11/2020;HMD;38;Enfermaria;46;5
11/11/2020;PSI;67;Enfermaria;46;32
11/11/2020;Franciscano;30;Enfermaria;46;NI
11/11/2020;PSC;100;Enfermaria;46;40
11/11/2020;HMD;34;Enfermaria;46;5
12/11/2020;PSI;100;Enfermaria;46;32
12/11/2020;Franciscano;28;Enfermaria;46;NI
12/11/2020;PSC;80;Enfermaria;46;40
12/11/2020;HMD;50;Enfermaria;46;5
13/11/2020;PSI;50;Enfermaria;46;32
13/11/2020;Franciscano;25;Enfermaria;46;NI
13/11/2020;PSC;100;Enfermaria;46;40
13/11/2020;HMD;41;Enfermaria;46;5
14/11/2020;PSI;17;Enfermaria;46;32
14/11/2020;Franciscano;48;Enfermaria;46;NI
14/11/2020;PSC;100;Enfermaria;46;40
14/11/2020;HMD;38;Enfermaria;46;5
15/11/2020;PSI;33;Enfermaria;47;32
15/11/2020;Franciscano;38;Enfermaria;47;NI
15/11/2020;PSC;100;Enfermaria;47;40
15/11/2020;HMD;47;Enfermaria;47;5
16/11/2020;PSI;33;Enfermaria;47;32
16/11/2020;Franciscano;55;Enfermaria;47;NI
16/11/2020;PSC;100;Enfermaria;47;40
16/11/2020;HMD;44;Enfermaria;47;5
17/11/2020;PSI;17;Enfermaria;47;32
17/11/2020;Franciscano;40;Enfermaria;47;NI
17/11/2020;PSC;100;Enfermaria;47;40
17/11/2020;HMD;47;Enfermaria;47;5
18/11/2020;PSI;33;Enfermaria;47;32
18/11/2020;Franciscano;45;Enfermaria;47;NI
18/11/2020;PSC;100;Enfermaria;47;40
18/11/2020;HMD;47;Enfermaria;47;8
19/11/2020;PSI;33;Enfermaria;47;32
19/11/2020;Franciscano;53;Enfermaria;47;NI
19/11/2020;PSC;100;Enfermaria;47;30
19/11/2020;HMD;47;Enfermaria;47;10
20/11/2020;PSI;67;Enfermaria;47;32
20/11/2020;Franciscano;70;Enfermaria;47;NI
20/11/2020;PSC;100;Enfermaria;47;30
20/11/2020;HMD;44;Enfermaria;47;10
21/11/2020;PSI;50;Enfermaria;47;32
21/11/2020;Franciscano;77;Enfermaria;47;NI
21/11/2020;PSC;80;Enfermaria;47;30
21/11/2020;HMD;28;Enfermaria;47;10
22/11/2020;PSI;67;Enfermaria;48;32
22/11/2020;Franciscano;97;Enfermaria;48;NI
22/11/2020;PSC;10;Enfermaria;48;30
22/11/2020;HMD;50;Enfermaria;48;10
23/11/2020;PSI;50;Enfermaria;48;32
23/11/2020;Franciscano;100;Enfermaria;48;NI
23/11/2020;PSC;30;Enfermaria;48;30
23/11/2020;HMD;50;Enfermaria;48;10
24/11/2020;PSI;50;Enfermaria;48;32
24/11/2020;Franciscano;70;Enfermaria;48;NI
24/11/2020;PSC;60;Enfermaria;48;30
24/11/2020;HMD;53;Enfermaria;48;10
25/11/2020;PSI;50;Enfermaria;48;32
25/11/2020;Franciscano;70;Enfermaria;48;NI
25/11/2020;PSC;60;Enfermaria;48;30
25/11/2020;HMD;53;Enfermaria;48;10
26/11/2020;PSI;83;Enfermaria;48;32
26/11/2020;Franciscano;67;Enfermaria;48;NI
26/11/2020;PSC;20;Enfermaria;48;30
26/11/2020;HMD;44;Enfermaria;48;10
27/11/2020;PSI;100;Enfermaria;48;32
27/11/2020;Franciscano;77;Enfermaria;48;NI
27/11/2020;PSC;60;Enfermaria;48;30
27/11/2020;HMD;25;Enfermaria;48;10
28/11/2020;PSI;83;Enfermaria;48;32
28/11/2020;Franciscano;87;Enfermaria;48;NI
28/11/2020;PSC;40;Enfermaria;48;30
28/11/2020;HMD;100;Enfermaria;48;10
29/11/2020;PSI;50;Enfermaria;49;32
29/11/2020;Franciscano;80;Enfermaria;49;NI
29/11/2020;PSC;40;Enfermaria;49;30
29/11/2020;HMD;76;Enfermaria;49;10
30/11/2020;PSI;83;Enfermaria;49;32
30/11/2020;Franciscano;67;Enfermaria;49;30
30/11/2020;PSC;90;Enfermaria;49;10
30/11/2020;HMD;94;Enfermaria;49;17
01/12/2020;PSI;100;Enfermaria;49;NI
01/12/2020;Franciscano;83;Enfermaria;49;30
01/12/2020;PSC;50;Enfermaria;49;10
01/12/2020;HMD;65;Enfermaria;49;17
02/12/2020;PSI;100;Enfermaria;49;NI
02/12/2020;Franciscano;77;Enfermaria;49;30
02/12/2020;PSC;100;Enfermaria;49;10
02/12/2020;HMD;76;Enfermaria;49;17
03/12/2020;PSI;100;Enfermaria;49;NI
03/12/2020;Franciscano;80;Enfermaria;49;30
03/12/2020;PSC;90;Enfermaria;49;10
03/12/2020;HMD;65;Enfermaria;49;17
04/12/2020;PSI;67;Enfermaria;49;NI
04/12/2020;Franciscano;63;Enfermaria;49;30
04/12/2020;PSC;60;Enfermaria;49;10
04/12/2020;HMD;82;Enfermaria;49;17
05/12/2020;PSI;70;Enfermaria;49;10
05/12/2020;Franciscano;77;Enfermaria;49;30
05/12/2020;PSC;60;Enfermaria;49;10
05/12/2020;HMD;76;Enfermaria;49;17
06/12/2020;PSI;90;Enfermaria;50;10
06/12/2020;Franciscano;80;Enfermaria;50;30
06/12/2020;PSC;90;Enfermaria;50;10
06/12/2020;HMD;100;Enfermaria;50;17
07/12/2020;PSI;80;Enfermaria;50;10
07/12/2020;Franciscano;83;Enfermaria;50;30
07/12/2020;PSC;90;Enfermaria;50;10
07/12/2020;HMD;79;Enfermaria;50;19
08/12/2020;PSI;100;Enfermaria;50;6
08/12/2020;Franciscano;60;Enfermaria;50;28
08/12/2020;PSC;60;Enfermaria;50;10
08/12/2020;HMD;48;Enfermaria;50;31
09/12/2020;PSI;100;Enfermaria;50;6
09/12/2020;Franciscano;57;Enfermaria;50;28
09/12/2020;PSC;100;Enfermaria;50;10
09/12/2020;HMD;39;Enfermaria;50;31
10/12/2020;PSI;100;Enfermaria;50;6
10/12/2020;Franciscano;57;Enfermaria;50;28
10/12/2020;PSC;90;Enfermaria;50;10
10/12/2020;HMD;39;Enfermaria;50;42
11/12/2020;PSI;100;Enfermaria;50;6
11/12/2020;Franciscano;70;Enfermaria;50;28
11/12/2020;PSC;50;Enfermaria;50;10
11/12/2020;HMD;42;Enfermaria;50;42
12/12/2020;PSI;100;Enfermaria;50;6
12/12/2020;Franciscano;70;Enfermaria;50;28
12/12/2020;PSC;50;Enfermaria;50;10
12/12/2020;HMD;58;Enfermaria;50;42
13/12/2020;PSI;83;Enfermaria;51;6
13/12/2020;Franciscano;47;Enfermaria;51;28
13/12/2020;PSC;80;Enfermaria;51;10
13/12/2020;HMD;61;Enfermaria;51;42
14/12/2020;PSI;17;Enfermaria;51;6
14/12/2020;Franciscano;67;Enfermaria;51;28
14/12/2020;PSC;80;Enfermaria;51;10
14/12/2020;HMD;65;Enfermaria;51;42
15/12/2020;PSI;17;Enfermaria;51;6
15/12/2020;Franciscano;57;Enfermaria;51;28
15/12/2020;PSC;70;Enfermaria;51;10
15/12/2020;HMD;61;Enfermaria;51;42
16/12/2020;PSI;17;Enfermaria;51;6
16/12/2020;Franciscano;63;Enfermaria;51;28
16/12/2020;PSC;70;Enfermaria;51;10
16/12/2020;HMD;58;Enfermaria;51;42
17/12/2020;PSI;67;Enfermaria;51;6
17/12/2020;Franciscano;83;Enfermaria;51;28
17/12/2020;PSC;70;Enfermaria;51;10
17/12/2020;HMD;45;Enfermaria;51;42
18/12/2020;PSI;83;Enfermaria;51;6
18/12/2020;Franciscano;87;Enfermaria;51;28
18/12/2020;PSC;90;Enfermaria;51;10
18/12/2020;HMD;65;Enfermaria;51;42
19/12/2020;PSI;83;Enfermaria;51;6
19/12/2020;Franciscano;73;Enfermaria;51;28
19/12/2020;PSC;70;Enfermaria;51;10
19/12/2020;HMD;55;Enfermaria;51;42
20/12/2020;PSI;83;Enfermaria;52;6
20/12/2020;Franciscano;73;Enfermaria;52;28
20/12/2020;PSC;60;Enfermaria;52;10
20/12/2020;HMD;61;Enfermaria;52;42
21/12/2020;PSI;100;Enfermaria;52;6
21/12/2020;Franciscano;70;Enfermaria;52;28
21/12/2020;PSC;30;Enfermaria;52;10
21/12/2020;HMD;58;Enfermaria;52;42
22/12/2020;PSI;33;Enfermaria;52;6
22/12/2020;Franciscano;43;Enfermaria;52;28
22/12/2020;PSC;70;Enfermaria;52;10
22/12/2020;HMD;52;Enfermaria;52;42
23/12/2020;PSI;50;Enfermaria;52;6
23/12/2020;Franciscano;57;Enfermaria;52;28
23/12/2020;PSC;80;Enfermaria;52;10
23/12/2020;HMD;52;Enfermaria;52;42
24/12/2020;PSI;50;Enfermaria;52;6
24/12/2020;Franciscano;63;Enfermaria;52;28
24/12/2020;PSC;80;Enfermaria;52;10
24/12/2020;HMD;48;Enfermaria;52;42
25/12/2020;PSI;33;Enfermaria;52;6
25/12/2020;Franciscano;50;Enfermaria;52;28
25/12/2020;PSC;80;Enfermaria;52;10
25/12/2020;HMD;48;Enfermaria;52;42
26/12/2020;PSI;100;Enfermaria;52;6
26/12/2020;Franciscano;33;Enfermaria;52;28
26/12/2020;PSC;80;Enfermaria;52;10
26/12/2020;HMD;48;Enfermaria;52;42
27/12/2020;PSI;100;Enfermaria;53;6
27/12/2020;Franciscano;29;Enfermaria;53;28
27/12/2020;PSC;60;Enfermaria;53;10
27/12/2020;HMD;35;Enfermaria;53;42
28/12/2020;PSI;100;Enfermaria;53;6
28/12/2020;Franciscano;36;Enfermaria;53;28
28/12/2020;PSC;60;Enfermaria;53;10
28/12/2020;HMD;65;Enfermaria;53;42
29/12/2020;PSI;63;Enfermaria;53;6
29/12/2020;Franciscano;39;Enfermaria;53;28
29/12/2020;PSC;90;Enfermaria;53;10
29/12/2020;HMD;45;Enfermaria;53;42
30/12/2020;PSI;17;Enfermaria;53;6
30/12/2020;Franciscano;43;Enfermaria;53;28
30/12/2020;PSC;80;Enfermaria;53;10
30/12/2020;HMD;39;Enfermaria;53;42
31/12/2020;PSI;100;Enfermaria;53;6
31/12/2020;Franciscano;46;Enfermaria;53;28
31/12/2020;PSC;90;Enfermaria;53;10
31/12/2020;HMD;35;Enfermaria;53;42
01/01/2021;PSI;67;Enfermaria;53;6
01/01/2021;Franciscano;46;Enfermaria;53;28
01/01/2021;PSC;80;Enfermaria;53;10
01/01/2021;HMD;45;Enfermaria;53;42
02/01/2021;PSI;50;Enfermaria;53;6
02/01/2021;Franciscano;50;Enfermaria;53;28
02/01/2021;PSC;60;Enfermaria;53;10
02/01/2021;HMD;39;Enfermaria;53;42
03/01/2021;PSI;83;Enfermaria;1;6
03/01/2021;Franciscano;50;Enfermaria;1;28
03/01/2021;PSC;70;Enfermaria;1;10
03/01/2021;HMD;45;Enfermaria;1;42
04/01/2021;PSI;67;Enfermaria;1;6
04/01/2021;Franciscano;68;Enfermaria;1;28
04/01/2021;PSC;70;Enfermaria;1;10
04/01/2021;HMD;45;Enfermaria;1;42
05/01/2021;PSI;67;Enfermaria;1;6
05/01/2021;Franciscano;86;Enfermaria;1;28
05/01/2021;PSC;80;Enfermaria;1;10
05/01/2021;HMD;45;Enfermaria;1;42
06/01/2021;PSI;100;Enfermaria;1;6
06/01/2021;Franciscano;71;Enfermaria;1;28
06/01/2021;PSC;90;Enfermaria;1;10
06/01/2021;HMD;52;Enfermaria;1;42
07/01/2021;PSI;100;Enfermaria;1;6
07/01/2021;Franciscano;64;Enfermaria;1;28
07/01/2021;PSC;90;Enfermaria;1;10
07/01/2021;HMD;45;Enfermaria;1;42
08/01/2021;PSI;100;Enfermaria;1;6
08/01/2021;Franciscano;64;Enfermaria;1;28
08/01/2021;PSC;80;Enfermaria;1;10
08/01/2021;HMD;29;Enfermaria;1;42
09/01/2021;PSI;67;Enfermaria;1;6
09/01/2021;Franciscano;75;Enfermaria;1;28
09/01/2021;PSC;50;Enfermaria;1;10
09/01/2021;HMD;35;Enfermaria;1;42
10/01/2021;PSI;67;Enfermaria;2;6
10/01/2021;Franciscano;64;Enfermaria;2;28
10/01/2021;PSC;80;Enfermaria;2;10
10/01/2021;HMD;31;Enfermaria;2;42
11/01/2021;PSI;67;Enfermaria;2;6
11/01/2021;Franciscano;75;Enfermaria;2;28
11/01/2021;PSC;30;Enfermaria;2;10
11/01/2021;HMD;36;Enfermaria;2;42
12/01/2021;PSI;67;Enfermaria;2;6
12/01/2021;Franciscano;64;Enfermaria;2;28
12/01/2021;PSC;70;Enfermaria;2;10
12/01/2021;HMD;33;Enfermaria;2;42
13/01/2021;PSI;100;Enfermaria;2;6
13/01/2021;Franciscano;54;Enfermaria;2;28
13/01/2021;PSC;80;Enfermaria;2;10
13/01/2021;HMD;26;Enfermaria;2;42
14/01/2021;PSI;83;Enfermaria;2;6
14/01/2021;Franciscano;61;Enfermaria;2;28
14/01/2021;PSC;80;Enfermaria;2;10
14/01/2021;HMD;33;Enfermaria;2;42
15/01/2021;PSI;50;Enfermaria;2;6
15/01/2021;Franciscano;57;Enfermaria;2;28
15/01/2021;PSC;80;Enfermaria;2;10
15/01/2021;HMD;31;Enfermaria;2;42
16/01/2021;PSI;83;Enfermaria;2;6
16/01/2021;Franciscano;61;Enfermaria;2;28
16/01/2021;PSC;80;Enfermaria;2;10
16/01/2021;HMD;24;Enfermaria;2;42
17/01/2021;PSI;17;Enfermaria;3;6
17/01/2021;Franciscano;64;Enfermaria;3;28
17/01/2021;PSC;60;Enfermaria;3;10
17/01/2021;HMD;26;Enfermaria;3;42
18/01/2021;PSI;17;Enfermaria;3;6
18/01/2021;Franciscano;39;Enfermaria;3;28
18/01/2021;PSC;60;Enfermaria;3;10
18/01/2021;HMD;31;Enfermaria;3;42
19/01/2021;PSI;50;Enfermaria;3;6
19/01/2021;Franciscano;54;Enfermaria;3;28
19/01/2021;PSC;80;Enfermaria;3;10
19/01/2021;HMD;19;Enfermaria;3;42
20/01/2021;PSI;17;Enfermaria;3;6
20/01/2021;Franciscano;61;Enfermaria;3;28
20/01/2021;PSC;80;Enfermaria;3;10
20/01/2021;HMD;17;Enfermaria;3;42
21/01/2021;PSI;33;Enfermaria;3;6
21/01/2021;Franciscano;64;Enfermaria;3;28
21/01/2021;PSC;90;Enfermaria;3;10
21/01/2021;HMD;19;Enfermaria;3;42
22/01/2021;PSI;83;Enfermaria;3;6
22/01/2021;Franciscano;54;Enfermaria;3;28
22/01/2021;PSC;90;Enfermaria;3;10
22/01/2021;HMD;19;Enfermaria;3;42
23/01/2021;PSI;83;Enfermaria;3;6
23/01/2021;Franciscano;50;Enfermaria;3;28
23/01/2021;PSC;20;Enfermaria;3;10
23/01/2021;HMD;19;Enfermaria;3;42
24/01/2021;PSI;83;Enfermaria;4;6
24/01/2021;Franciscano;50;Enfermaria;4;28
24/01/2021;PSC;30;Enfermaria;4;10
24/01/2021;HMD;19;Enfermaria;4;42
25/01/2021;PSI;83;Enfermaria;4;6
25/01/2021;Franciscano;39;Enfermaria;4;28
25/01/2021;PSC;30;Enfermaria;4;10
25/01/2021;HMD;19;Enfermaria;4;42
26/01/2021;PSI;67;Enfermaria;4;6
26/01/2021;Franciscano;32;Enfermaria;4;28
26/01/2021;PSC;10;Enfermaria;4;10
26/01/2021;HMD;24;Enfermaria;4;42
27/01/2021;PSI;83;Enfermaria;4;6
27/01/2021;Franciscano;29;Enfermaria;4;28
27/01/2021;PSC;40;Enfermaria;4;10
27/01/2021;HMD;33;Enfermaria;4;42
28/01/2021;PSI;100;Enfermaria;4;6
28/01/2021;Franciscano;36;Enfermaria;4;28
28/01/2021;PSC;10;Enfermaria;4;10
28/01/2021;HMD;36;Enfermaria;4;42
29/01/2021;PSI;67;Enfermaria;4;6
29/01/2021;Franciscano;43;Enfermaria;4;28
29/01/2021;PSC;50;Enfermaria;4;10
29/01/2021;HMD;38;Enfermaria;4;42
30/01/2021;PSI;67;Enfermaria;4;6
30/01/2021;Franciscano;36;Enfermaria;4;28
30/01/2021;PSC;80;Enfermaria;4;10
30/01/2021;HMD;33;Enfermaria;4;42
31/01/2021;PSI;67;Enfermaria;5;6
31/01/2021;Franciscano;36;Enfermaria;5;28
31/01/2021;PSC;50;Enfermaria;5;10
31/01/2021;HMD;31;Enfermaria;5;42
01/02/2021;PSI;83;Enfermaria;5;6
01/02/2021;Franciscano;39;Enfermaria;5;28
01/02/2021;PSC;10;Enfermaria;5;10
01/02/2021;HMD;29;Enfermaria;5;42
02/02/2021;PSI;33;Enfermaria;5;6
02/02/2021;Franciscano;25;Enfermaria;5;28
02/02/2021;PSC;20;Enfermaria;5;10
02/02/2021;HMD;24;Enfermaria;5;42
03/02/2021;PSI;100;Enfermaria;5;6
03/02/2021;Franciscano;21;Enfermaria;5;28
03/02/2021;PSC;20;Enfermaria;5;10
03/02/2021;HMD;24;Enfermaria;5;42
04/02/2021;PSI;100;Enfermaria;5;6
04/02/2021;Franciscano;36;Enfermaria;5;28
04/02/2021;PSC;40;Enfermaria;5;10
04/02/2021;HMD;19;Enfermaria;5;42
05/02/2021;PSI;100;Enfermaria;5;6
05/02/2021;Franciscano;39;Enfermaria;5;28
05/02/2021;PSC;40;Enfermaria;5;10
05/02/2021;HMD;17;Enfermaria;5;42
06/02/2021;PSI;67;Enfermaria;5;6
06/02/2021;Franciscano;43;Enfermaria;5;28
06/02/2021;PSC;20;Enfermaria;5;10
06/02/2021;HMD;17;Enfermaria;5;42
07/02/2021;PSI;67;Enfermaria;6;6
07/02/2021;Franciscano;46;Enfermaria;6;28
07/02/2021;PSC;10;Enfermaria;6;10
07/02/2021;HMD;12;Enfermaria;6;42
08/02/2021;PSI;100;Enfermaria;6;6
08/02/2021;Franciscano;39;Enfermaria;6;28
08/02/2021;PSC;10;Enfermaria;6;10
08/02/2021;HMD;14;Enfermaria;6;42
09/02/2021;PSI;83;Enfermaria;6;6
09/02/2021;Franciscano;46;Enfermaria;6;28
09/02/2021;PSC;30;Enfermaria;6;10
09/02/2021;HMD;17;Enfermaria;6;42
10/02/2021;PSI;100;Enfermaria;6;6
10/02/2021;Franciscano;50;Enfermaria;6;28
10/02/2021;PSC;50;Enfermaria;6;10
10/02/2021;HMD;19;Enfermaria;6;42
11/02/2021;PSI;100;Enfermaria;6;6
11/02/2021;Franciscano;57;Enfermaria;6;28
11/02/2021;PSC;40;Enfermaria;6;10
11/02/2021;HMD;14;Enfermaria;6;42
12/02/2021;PSI;67;Enfermaria;6;6
12/02/2021;Franciscano;43;Enfermaria;6;28
12/02/2021;PSC;60;Enfermaria;6;10
12/02/2021;HMD;17;Enfermaria;6;42
13/02/2021;PSI;83;Enfermaria;6;6
13/02/2021;Franciscano;50;Enfermaria;6;28
13/02/2021;PSC;60;Enfermaria;6;10
13/02/2021;HMD;17;Enfermaria;6;42
14/02/2021;PSI;50;Enfermaria;7;6
14/02/2021;Franciscano;46;Enfermaria;7;28
14/02/2021;PSC;10;Enfermaria;7;10
14/02/2021;HMD;21;Enfermaria;7;42
15/02/2021;PSI;83;Enfermaria;7;6
15/02/2021;Franciscano;43;Enfermaria;7;28
15/02/2021;PSC;40;Enfermaria;7;10
15/02/2021;HMD;19;Enfermaria;7;42
16/02/2021;PSI;83;Enfermaria;7;6
16/02/2021;Franciscano;39;Enfermaria;7;28
16/02/2021;PSC;20;Enfermaria;7;10
16/02/2021;HMD;24;Enfermaria;7;42
17/02/2021;PSI;83;Enfermaria;7;6
17/02/2021;Franciscano;43;Enfermaria;7;28
17/02/2021;PSC;30;Enfermaria;7;10
17/02/2021;HMD;21;Enfermaria;7;42
18/02/2021;PSI;83;Enfermaria;7;6
18/02/2021;Franciscano;36;Enfermaria;7;28
18/02/2021;PSC;10;Enfermaria;7;10
18/02/2021;HMD;21;Enfermaria;7;42
19/02/2021;PSI;100;Enfermaria;7;6
19/02/2021;Franciscano;39;Enfermaria;7;28
19/02/2021;PSC;10;Enfermaria;7;10
19/02/2021;HMD;14;Enfermaria;7;42
20/02/2021;PSI;83;Enfermaria;7;6
20/02/2021;Franciscano;39;Enfermaria;7;28
20/02/2021;PSC;0;Enfermaria;7;10
20/02/2021;HMD;12;Enfermaria;7;42
21/02/2021;PSI;100;Enfermaria;8;6
21/02/2021;Franciscano;43;Enfermaria;8;28
21/02/2021;PSC;10;Enfermaria;8;10
21/02/2021;HMD;14;Enfermaria;8;42
22/02/2021;PSI;100;Enfermaria;8;6
22/02/2021;Franciscano;50;Enfermaria;8;28
22/02/2021;PSC;20;Enfermaria;8;10
22/02/2021;HMD;14;Enfermaria;8;42
23/02/2021;PSI;100;Enfermaria;8;6
23/02/2021;Franciscano;39;Enfermaria;8;28
23/02/2021;PSC;0;Enfermaria;8;10
23/02/2021;HMD;19;Enfermaria;8;42
24/02/2021;PSI;100;Enfermaria;8;6
24/02/2021;Franciscano;46;Enfermaria;8;28
24/02/2021;PSC;0;Enfermaria;8;10
24/02/2021;HMD;19;Enfermaria;8;42
25/02/2021;PSI;100;Enfermaria;8;6
25/02/2021;Franciscano;57;Enfermaria;8;28
25/02/2021;PSC;0;Enfermaria;8;10
25/02/2021;HMD;21;Enfermaria;8;42
26/02/2021;PSI;83;Enfermaria;8;6
26/02/2021;Franciscano;50;Enfermaria;8;28
26/02/2021;PSC;0;Enfermaria;8;10
26/02/2021;HMD;19;Enfermaria;8;42
27/02/2021;PSI;83;Enfermaria;8;6
27/02/2021;Franciscano;68;Enfermaria;8;28
27/02/2021;PSC;0;Enfermaria;8;10
27/02/2021;HMD;24;Enfermaria;8;42
28/02/2021;PSI;83;Enfermaria;9;6
28/02/2021;Franciscano;68;Enfermaria;9;28
28/02/2021;PSC;0;Enfermaria;9;10
28/02/2021;HMD;19;Enfermaria;9;42
01/03/2021;PSI;100;Enfermaria;9;6
01/03/2021;Franciscano;57;Enfermaria;9;28
01/03/2021;PSC;0;Enfermaria;9;10
01/03/2021;HMD;17;Enfermaria;9;42
02/03/2021;PSI;100;Enfermaria;9;6
02/03/2021;Franciscano;50;Enfermaria;9;28
02/03/2021;PSC;0;Enfermaria;9;10
02/03/2021;HMD;19;Enfermaria;9;42
03/03/2021;PSI;83;Enfermaria;9;28
03/03/2021;Franciscano;36;Enfermaria;9;10
03/03/2021;PSC;0;Enfermaria;9;6
03/03/2021;HMD;31;Enfermaria;9;42
04/03/2021;PSI;100;Enfermaria;9;28
04/03/2021;Franciscano;25;Enfermaria;9;10
04/03/2021;PSC;0;Enfermaria;9;6
04/03/2021;HMD;36;Enfermaria;9;42
05/03/2021;PSI;100;Enfermaria;9;28
05/03/2021;Franciscano;46;Enfermaria;9;10
05/03/2021;PSC;0;Enfermaria;9;6
05/03/2021;HMD;29;Enfermaria;9;42
02/03/2021;PSI;50;UTI;9;17
02/03/2021;Franciscano;100;UTI;9;7
02/03/2021;PSC;14;UTI;9;8
02/03/2021;HMD;40;UTI;9;20
03/03/2021;PSI;50;UTI;9;17
03/03/2021;Franciscano;100;UTI;9;7
03/03/2021;PSC;43;UTI;9;8
03/03/2021;HMD;50;UTI;9;20
04/03/2021;PSI;50;UTI;9;17
04/03/2021;Franciscano;100;UTI;9;7
04/03/2021;PSC;43;UTI;9;8
04/03/2021;HMD;50;UTI;9;20
05/03/2021;PSI;50;UTI;9;17
05/03/2021;Franciscano;88;UTI;9;7
05/03/2021;PSC;29;UTI;9;8
05/03/2021;HMD;55;UTI;9;20
06/03/2021;PSI;38;UTI;9;17
06/03/2021;Franciscano;94;UTI;9;7
06/03/2021;PSC;100;UTI;9;8
06/03/2021;HMD;50;UTI;9;20
07/03/2021;PSI;63;UTI;10;17
07/03/2021;Franciscano;100;UTI;10;7
07/03/2021;PSC;86;UTI;10;8
07/03/2021;HMD;40;UTI;10;20
08/03/2021;PSI;75;UTI;10;17
08/03/2021;Franciscano;100;UTI;10;7
08/03/2021;PSC;100;UTI;10;8
08/03/2021;HMD;50;UTI;10;20
09/03/2021;PSI;63;UTI;10;17
09/03/2021;Franciscano;94;UTI;10;7
09/03/2021;PSC;100;UTI;10;8
09/03/2021;HMD;50;UTI;10;20
10/03/2021;PSI;50;UTI;10;17
10/03/2021;Franciscano;100;UTI;10;7
10/03/2021;PSC;86;UTI;10;8
10/03/2021;HMD;50;UTI;10;20
11/03/2021;PSI;63;UTI;10;17
11/03/2021;Franciscano;94;UTI;10;7
11/03/2021;PSC;100;UTI;10;8
11/03/2021;HMD;55;UTI;10;20
06/03/2021;PSI;100;Enfermaria;9;28
06/03/2021;Franciscano;68;Enfermaria;9;10
06/03/2021;PSC;0;Enfermaria;9;6
06/03/2021;HMD;24;Enfermaria;9;42
07/03/2021;PSI;100;Enfermaria;10;28
07/03/2021;Franciscano;75;Enfermaria;10;10
07/03/2021;PSC;0;Enfermaria;10;6
07/03/2021;HMD;24;Enfermaria;10;42
08/03/2021;PSI;100;Enfermaria;10;28
08/03/2021;Franciscano;89;Enfermaria;10;10
08/03/2021;PSC;20;Enfermaria;10;6
08/03/2021;HMD;21;Enfermaria;10;42
09/03/2021;PSI;100;Enfermaria;10;28
09/03/2021;Franciscano;79;Enfermaria;10;8
09/03/2021;PSC;100;Enfermaria;10;6
09/03/2021;HMD;21;Enfermaria;10;42
10/03/2021;PSI;83;Enfermaria;10;28
10/03/2021;Franciscano;71;Enfermaria;10;8
10/03/2021;PSC;50;Enfermaria;10;6
10/03/2021;HMD;29;Enfermaria;10;42
11/03/2021;PSI;83;Enfermaria;10;28
11/03/2021;Franciscano;68;Enfermaria;10;8
11/03/2021;PSC;70;Enfermaria;10;6
11/03/2021;HMD;33;Enfermaria;10;42
12/03/2021;PSI;75;UTI;10;17
12/03/2021;Franciscano;94;UTI;10;7
12/03/2021;PSC;86;UTI;10;8
12/03/2021;HMD;40;UTI;10;20
12/03/2021;PSI;67;Enfermaria;10;28
12/03/2021;Franciscano;68;Enfermaria;10;8
12/03/2021;PSC;80;Enfermaria;10;6
12/03/2021;HMD;29;Enfermaria;10;42
13/03/2021;PSI;50;UTI;10;17
13/03/2021;Franciscano;100;UTI;10;7
13/03/2021;PSC;86;UTI;10;8
13/03/2021;HMD;45;UTI;10;20
13/03/2021;PSI;83;Enfermaria;10;28
13/03/2021;Franciscano;82;Enfermaria;10;8
13/03/2021;PSC;90;Enfermaria;10;6
13/03/2021;HMD;38;Enfermaria;10;42
14/03/2021;PSI;50;UTI;11;17
14/03/2021;Franciscano;88;UTI;11;7
14/03/2021;PSC;86;UTI;11;8
14/03/2021;HMD;60;UTI;11;20
14/03/2021;PSI;83;Enfermaria;11;28
14/03/2021;Franciscano;96;Enfermaria;11;8
14/03/2021;PSC;70;Enfermaria;11;6
14/03/2021;HMD;31;Enfermaria;11;42
15/03/2021;PSI;50;UTI;11;17
15/03/2021;Franciscano;100;UTI;11;7
15/03/2021;PSC;100;UTI;11;8
15/03/2021;HMD;92;UTI;11;12
15/03/2021;PSI;83;Enfermaria;11;28
15/03/2021;Franciscano;82;Enfermaria;11;8
15/03/2021;PSC;100;Enfermaria;11;6
15/03/2021;HMD;33;Enfermaria;11;17
16/03/2021;PSI;50;UTI;11;17
16/03/2021;Franciscano;100;UTI;11;7
16/03/2021;PSC;100;UTI;11;8
16/03/2021;HMD;55;UTI;11;20
16/03/2021;PSI;83;Enfermaria;11;28
16/03/2021;Franciscano;79;Enfermaria;11;10
16/03/2021;PSC;100;Enfermaria;11;6
16/03/2021;HMD;21;Enfermaria;11;42
17/03/2021;PSI;63;UTI;11;17
17/03/2021;Franciscano;94;UTI;11;7
17/03/2021;PSC;86;UTI;11;8
17/03/2021;HMD;60;UTI;11;20
17/03/2021;PSI;83;Enfermaria;11;28
17/03/2021;Franciscano;71;Enfermaria;11;10
17/03/2021;PSC;110;Enfermaria;11;6
17/03/2021;HMD;31;Enfermaria;11;42
18/03/2021;PSI;50;UTI;11;17
18/03/2021;Franciscano;100;UTI;11;7
18/03/2021;PSC;100;UTI;11;8
18/03/2021;HMD;55;UTI;11;20
18/03/2021;PSI;100;Enfermaria;11;28
18/03/2021;Franciscano;71;Enfermaria;11;10
18/03/2021;PSC;80;Enfermaria;11;6
18/03/2021;HMD;36;Enfermaria;11;42
19/03/2021;PSI;25;UTI;11;17
19/03/2021;Franciscano;100;UTI;11;7
19/03/2021;PSC;100;UTI;11;8
19/03/2021;HMD;55;UTI;11;20
19/03/2021;PSI;100;Enfermaria;11;28
19/03/2021;Franciscano;93;Enfermaria;11;10
19/03/2021;PSC;100;Enfermaria;11;6
19/03/2021;HMD;21;Enfermaria;11;42
20/03/2021;PSI;25;UTI;11;17
20/03/2021;Franciscano;100;UTI;11;7
20/03/2021;PSC;100;UTI;11;8
20/03/2021;HMD;60;UTI;11;20
20/03/2021;PSI;83;Enfermaria;11;28
20/03/2021;Franciscano;93;Enfermaria;11;10
20/03/2021;PSC;100;Enfermaria;11;6
20/03/2021;HMD;26;Enfermaria;12;42
21/03/2021;PSI;25;UTI;12;17
21/03/2021;Franciscano;100;UTI;12;7
21/03/2021;PSC;100;UTI;12;8
21/03/2021;HMD;65;UTI;12;20
21/03/2021;PSI;83;Enfermaria;12;28
21/03/2021;Franciscano;89;Enfermaria;12;10
21/03/2021;PSC;80;Enfermaria;12;6
21/03/2021;HMD;33;Enfermaria;12;42
22/03/2021;PSI;38;UTI;12;17
22/03/2021;Franciscano;94;UTI;12;7
22/03/2021;PSC;71;UTI;12;8
22/03/2021;HMD;60;UTI;12;20
22/03/2021;PSI;83;Enfermaria;12;28
22/03/2021;Franciscano;68;Enfermaria;12;10
22/03/2021;PSC;110;Enfermaria;12;6
22/03/2021;HMD;24;Enfermaria;12;42
23/03/2021;PSI;38;UTI;12;17
23/03/2021;Franciscano;100;UTI;12;7
23/03/2021;PSC;100;UTI;12;8
23/03/2021;HMD;60;UTI;12;20
23/03/2021;PSI;67;Enfermaria;12;28
23/03/2021;Franciscano;75;Enfermaria;12;10
23/03/2021;PSC;110;Enfermaria;12;6
23/03/2021;HMD;26;Enfermaria;12;42
24/03/2021;PSI;38;UTI;12;17
24/03/2021;Franciscano;100;UTI;12;7
24/03/2021;PSC;71;UTI;12;8
24/03/2021;HMD;55;UTI;12;20
24/03/2021;PSI;17;Enfermaria;12;28
24/03/2021;Franciscano;93;Enfermaria;12;10
24/03/2021;PSC;110;Enfermaria;12;6
24/03/2021;HMD;31;Enfermaria;12;42
25/03/2021;PSI;38;UTI;12;17
25/03/2021;Franciscano;100;UTI;12;7
25/03/2021;PSC;100;UTI;12;8
25/03/2021;HMD;60;UTI;12;20
25/03/2021;PSI;17;Enfermaria;12;28
25/03/2021;Franciscano;86;Enfermaria;12;10
25/03/2021;PSC;100;Enfermaria;12;6
25/03/2021;HMD;38;Enfermaria;12;42
26/03/2021;PSI;38;UTI;12;17
26/03/2021;Franciscano;100;UTI;12;7
26/03/2021;PSC;71;UTI;12;8
26/03/2021;HMD;65;UTI;12;20
26/03/2021;PSI;67;Enfermaria;12;28
26/03/2021;Franciscano;93;Enfermaria;12;10
26/03/2021;PSC;100;Enfermaria;12;6
26/03/2021;HMD;31;Enfermaria;12;42
27/03/2021;PSI;25;UTI;12;17
27/03/2021;Franciscano;94;UTI;12;7
27/03/2021;PSC;100;UTI;12;8
27/03/2021;HMD;65;UTI;12;20
27/03/2021;PSI;50;Enfermaria;12;28
27/03/2021;Franciscano;96;Enfermaria;12;10
27/03/2021;PSC;100;Enfermaria;12;6
27/03/2021;HMD;31;Enfermaria;12;42
28/03/2021;PSI;25;UTI;13;17
28/03/2021;Franciscano;94;UTI;13;7
28/03/2021;PSC;86;UTI;13;8
28/03/2021;HMD;85;UTI;13;20
28/03/2021;PSI;50;Enfermaria;13;28
28/03/2021;Franciscano;93;Enfermaria;13;10
28/03/2021;PSC;110;Enfermaria;13;6
28/03/2021;HMD;26;Enfermaria;13;42
29/03/2021;PSI;38;UTI;13;17
29/03/2021;Franciscano;100;UTI;13;7
29/03/2021;PSC;100;UTI;13;8
29/03/2021;HMD;95;UTI;13;20
29/03/2021;PSI;83;Enfermaria;13;28
29/03/2021;Franciscano;79;Enfermaria;13;10
29/03/2021;PSC;100;Enfermaria;13;6
29/03/2021;HMD;26;Enfermaria;13;42
30/03/2021;PSI;50;UTI;13;17
30/03/2021;Franciscano;100;UTI;13;7
30/03/2021;PSC;100;UTI;13;8
30/03/2021;HMD;85;UTI;13;20
30/03/2021;PSI;50;Enfermaria;13;28
30/03/2021;Franciscano;89;Enfermaria;13;10
30/03/2021;PSC;100;Enfermaria;13;6
30/03/2021;HMD;24;Enfermaria;13;42
31/03/2021;PSI;38;UTI;13;17
31/03/2021;Franciscano;100;UTI;13;7
31/03/2021;PSC;100;UTI;13;8
31/03/2021;HMD;85;UTI;13;20
31/03/2021;PSI;50;Enfermaria;13;28
31/03/2021;Franciscano;89;Enfermaria;13;10
31/03/2021;PSC;100;Enfermaria;13;6
31/03/2021;HMD;24;Enfermaria;13;42
01/04/2021;PSI;43;UTI;13;17
01/04/2021;Franciscano;100;UTI;13;7
01/04/2021;PSC;100;UTI;13;8
01/04/2021;HMD;96;UTI;13;20
01/04/2021;PSI;67;Enfermaria;13;28
01/04/2021;Franciscano;75;Enfermaria;13;10
01/04/2021;PSC;125;Enfermaria;13;6
01/04/2021;HMD;26;Enfermaria;13;42
02/04/2021;PSI;43;UTI;13;17
02/04/2021;Franciscano;100;UTI;13;7
02/04/2021;PSC;100;UTI;13;8
02/04/2021;HMD;78;UTI;13;20
02/04/2021;PSI;100;Enfermaria;13;28
02/04/2021;Franciscano;75;Enfermaria;13;10
02/04/2021;PSC;125;Enfermaria;13;6
02/04/2021;HMD;28;Enfermaria;13;42
03/04/2021;PSI;43;UTI;13;17
03/04/2021;Franciscano;94;UTI;13;7
03/04/2021;PSC;71;UTI;13;8
03/04/2021;HMD;78;UTI;13;20
03/04/2021;PSI;100;Enfermaria;13;28
03/04/2021;Franciscano;89;Enfermaria;13;10
03/04/2021;PSC;125;Enfermaria;13;6
03/04/2021;HMD;28;Enfermaria;13;42
04/04/2021;PSI;57;UTI;14;17
04/04/2021;Franciscano;100;UTI;14;7
04/04/2021;PSC;100;UTI;14;8
04/04/2021;HMD;91;UTI;14;20
04/04/2021;PSI;100;Enfermaria;14;28
04/04/2021;Franciscano;86;Enfermaria;14;10
04/04/2021;PSC;125;Enfermaria;14;6
04/04/2021;HMD;26;Enfermaria;14;42
05/04/2021;PSI;71;UTI;14;17
05/04/2021;Franciscano;100;UTI;14;7
05/04/2021;PSC;86;UTI;14;8
05/04/2021;HMD;91;UTI;14;20
05/04/2021;PSI;83;Enfermaria;14;28
05/04/2021;Franciscano;86;Enfermaria;14;10
05/04/2021;PSC;100;Enfermaria;14;6
05/04/2021;HMD;44;Enfermaria;14;42
06/04/2021;PSI;57;UTI;14;17
06/04/2021;Franciscano;100;UTI;14;7
06/04/2021;PSC;100;UTI;14;8
06/04/2021;HMD;87;UTI;14;20
06/04/2021;PSI;83;Enfermaria;14;28
06/04/2021;Franciscano;82;Enfermaria;14;10
06/04/2021;PSC;100;Enfermaria;14;6
06/04/2021;HMD;33;Enfermaria;14;42
07/04/2021;PSI;43;UTI;14;17
07/04/2021;Franciscano;76;UTI;14;7
07/04/2021;PSC;100;UTI;14;8
07/04/2021;HMD;91;UTI;14;20
07/04/2021;PSI;83;Enfermaria;14;28
07/04/2021;Franciscano;82;Enfermaria;14;10
07/04/2021;PSC;138;Enfermaria;14;6
07/04/2021;HMD;36;Enfermaria;14;42
08/04/2021;PSI;43;UTI;14;17
08/04/2021;Franciscano;94;UTI;14;7
08/04/2021;PSC;86;UTI;14;8
08/04/2021;HMD;87;UTI;14;20
08/04/2021;PSI;100;Enfermaria;14;28
08/04/2021;Franciscano;89;Enfermaria;14;10
08/04/2021;PSC;138;Enfermaria;14;6
08/04/2021;HMD;28;Enfermaria;14;42
09/04/2021;PSI;29;UTI;14;17
09/04/2021;Franciscano;94;UTI;14;7
09/04/2021;PSC;71;UTI;14;8
09/04/2021;HMD;83;UTI;14;20
09/04/2021;PSI;67;Enfermaria;14;28
09/04/2021;Franciscano;79;Enfermaria;14;10
09/04/2021;PSC;100;Enfermaria;14;6
09/04/2021;HMD;31;Enfermaria;14;42
10/04/2021;PSI;29;UTI;14;17
10/04/2021;Franciscano;100;UTI;14;7
10/04/2021;PSC;57;UTI;14;8
10/04/2021;HMD;74;UTI;14;20
10/04/2021;PSI;67;Enfermaria;14;28
10/04/2021;Franciscano;79;Enfermaria;14;10
10/04/2021;PSC;88;Enfermaria;14;6
10/04/2021;HMD;28;Enfermaria;14;42
11/04/2021;PSI;29;UTI;15;17
11/04/2021;Franciscano;100;UTI;15;7
11/04/2021;PSC;86;UTI;15;8
11/04/2021;HMD;91;UTI;15;20
11/04/2021;PSI;0;Enfermaria;15;28
11/04/2021;Franciscano;71;Enfermaria;15;10
11/04/2021;PSC;75;Enfermaria;15;6
11/04/2021;HMD;26;Enfermaria;15;42
12/04/2021;PSI;29;UTI;15;17
12/04/2021;Franciscano;88;UTI;15;7
12/04/2021;PSC;86;UTI;15;8
12/04/2021;HMD;91;UTI;15;20
12/04/2021;PSI;17;Enfermaria;15;28
12/04/2021;Franciscano;75;Enfermaria;15;10
12/04/2021;PSC;100;Enfermaria;15;6
12/04/2021;HMD;13;Enfermaria;15;42
13/04/2021;PSI;29;UTI;15;17
13/04/2021;Franciscano;94;UTI;15;7
13/04/2021;PSC;100;UTI;15;8
13/04/2021;HMD;78;UTI;15;20
13/04/2021;PSI;0;Enfermaria;15;28
13/04/2021;Franciscano;54;Enfermaria;15;10
13/04/2021;PSC;138;Enfermaria;15;6
13/04/2021;HMD;26;Enfermaria;15;42
14/04/2021;PSI;43;UTI;15;17
14/04/2021;Franciscano;94;UTI;15;7
14/04/2021;PSC;86;UTI;15;8
14/04/2021;HMD;65;UTI;15;20
14/04/2021;PSI;33;Enfermaria;15;28
14/04/2021;Franciscano;61;Enfermaria;15;10
14/04/2021;PSC;100;Enfermaria;15;6
14/04/2021;HMD;63;Enfermaria;15;42
15/04/2021;PSI;43;UTI;15;17
15/04/2021;Franciscano;100;UTI;15;7
15/04/2021;PSC;100;UTI;15;8
15/04/2021;HMD;70;UTI;15;20
15/04/2021;PSI;17;Enfermaria;15;28
15/04/2021;Franciscano;79;Enfermaria;15;10
15/04/2021;PSC;100;Enfermaria;15;6
15/04/2021;HMD;58;Enfermaria;15;42
16/04/2021;PSI;43;UTI;15;17
16/04/2021;Franciscano;100;UTI;15;7
16/04/2021;PSC;100;UTI;15;8
16/04/2021;HMD;65;UTI;15;20
16/04/2021;PSI;33;Enfermaria;15;28
16/04/2021;Franciscano;64;Enfermaria;15;10
16/04/2021;PSC;125;Enfermaria;15;6
16/04/2021;HMD;47;Enfermaria;15;42
17/04/2021;PSI;43;UTI;15;17
17/04/2021;Franciscano;94;UTI;15;7
17/04/2021;PSC;100;UTI;15;8
17/04/2021;HMD;83;UTI;15;20
17/04/2021;PSI;43;Enfermaria;15;28
17/04/2021;Franciscano;64;Enfermaria;15;10
17/04/2021;PSC;75;Enfermaria;15;6
17/04/2021;HMD;63;Enfermaria;15;42
18/04/2021;PSI;43;UTI;16;17
18/04/2021;Franciscano;64;UTI;16;7
18/04/2021;PSC;75;UTI;16;8
18/04/2021;HMD;63;UTI;16;20
18/04/2021;PSI;50;Enfermaria;16;28
18/04/2021;Franciscano;79;Enfermaria;16;10
18/04/2021;PSC;88;Enfermaria;16;6
18/04/2021;HMD;47;Enfermaria;16;42
19/04/2021;PSI;43;UTI;16;17
19/04/2021;Franciscano;100;UTI;16;7
19/04/2021;PSC;86;UTI;16;8
19/04/2021;HMD;92;UTI;16;20
19/04/2021;PSI;50;Enfermaria;16;28
19/04/2021;Franciscano;86;Enfermaria;16;10
19/04/2021;PSC;138;Enfermaria;16;6
19/04/2021;HMD;47;Enfermaria;16;42
20/04/2021;PSI;29;UTI;16;17
20/04/2021;Franciscano;100;UTI;16;7
20/04/2021;PSC;86;UTI;16;8
20/04/2021;HMD;92;UTI;16;20
20/04/2021;PSI;50;Enfermaria;16;28
20/04/2021;Franciscano;96;Enfermaria;16;10
20/04/2021;PSC;138;Enfermaria;16;6
20/04/2021;HMD;58;Enfermaria;16;42
21/04/2021;PSI;29;UTI;16;17
21/04/2021;Franciscano;94;UTI;16;7
21/04/2021;PSC;71;UTI;16;8
21/04/2021;HMD;80;UTI;16;20
21/04/2021;PSI;50;Enfermaria;16;28
21/04/2021;Franciscano;96;Enfermaria;16;10
21/04/2021;PSC;100;Enfermaria;16;6
21/04/2021;HMD;89;Enfermaria;16;42
22/04/2021;PSI;57;UTI;16;17
22/04/2021;Franciscano;100;UTI;16;7
22/04/2021;PSC;71;UTI;16;8
22/04/2021;HMD;88;UTI;16;20
22/04/2021;PSI;50;Enfermaria;16;28
22/04/2021;Franciscano;100;Enfermaria;16;10
22/04/2021;PSC;100;Enfermaria;16;6
22/04/2021;HMD;84;Enfermaria;16;42
23/04/2021;PSI;100;UTI;16;17
23/04/2021;Franciscano;94;UTI;16;7
23/04/2021;PSC;57;UTI;16;8
23/04/2021;HMD;92;UTI;16;20
23/04/2021;PSI;50;Enfermaria;16;28
23/04/2021;Franciscano;86;Enfermaria;16;10
23/04/2021;PSC;113;Enfermaria;16;6
23/04/2021;HMD;100;Enfermaria;16;42
24/04/2021;PSI;57;UTI;16;17
24/04/2021;Franciscano;88;UTI;16;7
24/04/2021;PSC;57;UTI;16;8
24/04/2021;HMD;88;UTI;16;20
24/04/2021;PSI;33;Enfermaria;16;28
24/04/2021;Franciscano;79;Enfermaria;16;10
24/04/2021;PSC;138;Enfermaria;16;6
24/04/2021;HMD;95;Enfermaria;16;42
25/04/2021;PSI;71;UTI;17;17
25/04/2021;Franciscano;100;UTI;17;7
25/04/2021;PSC;57;UTI;17;8
25/04/2021;HMD;100;UTI;17;20
25/04/2021;PSI;33;Enfermaria;17;28
25/04/2021;Franciscano;79;Enfermaria;17;10
25/04/2021;PSC;138;Enfermaria;17;6
25/04/2021;HMD;68;Enfermaria;17;42
26/04/2021;PSI;71;UTI;17;17
26/04/2021;Franciscano;88;UTI;17;7
26/04/2021;PSC;86;UTI;17;8
26/04/2021;HMD;92;UTI;17;20
26/04/2021;PSI;67;Enfermaria;17;28
26/04/2021;Franciscano;71;Enfermaria;17;10
26/04/2021;PSC;138;Enfermaria;17;6
26/04/2021;HMD;84;Enfermaria;17;42
27/04/2021;PSI;43;UTI;17;17
27/04/2021;Franciscano;100;UTI;17;7
27/04/2021;PSC;71;UTI;17;8
27/04/2021;HMD;84;UTI;17;20
27/04/2021;PSI;50;Enfermaria;17;28
27/04/2021;Franciscano;89;Enfermaria;17;10
27/04/2021;PSC;138;Enfermaria;17;6
27/04/2021;HMD;95;Enfermaria;17;42
28/04/2021;PSI;29;UTI;17;
28/04/2021;Franciscano;94;UTI;17;
28/04/2021;PSC;86;UTI;17;
28/04/2021;HMD;84;UTI;17;
28/04/2021;PSI;88;Enfermaria;17;
28/04/2021;Franciscano;50;Enfermaria;17;
28/04/2021;PSC;96;Enfermaria;17;
28/04/2021;HMD;79;Enfermaria;17;
29/04/2021;PSI;29;UTI;17;
29/04/2021;Franciscano;100;UTI;17;
29/04/2021;PSC;71;UTI;17;
29/04/2021;HMD;92;UTI;17;
29/04/2021;PSI;33;Enfermaria;17;
29/04/2021;Franciscano;100;Enfermaria;17;
29/04/2021;PSC;125;Enfermaria;17;
29/04/2021;HMD;84;Enfermaria;17;
30/04/2021;PSI;57;UTI;17;
30/04/2021;Franciscano;94;UTI;17;
30/04/2021;PSC;71;UTI;17;
30/04/2021;HMD;92;UTI;17;
30/04/2021;PSI;33;Enfermaria;17;
30/04/2021;Franciscano;96;Enfermaria;17;
30/04/2021;PSC;125;Enfermaria;17;
30/04/2021;HMD;68;Enfermaria;17;
01/05/2021;PSI;71;UTI;17;
01/05/2021;Franciscano;94;UTI;17;
01/05/2021;PSC;100;UTI;17;
01/05/2021;HMD;88;UTI;17;
01/05/2021;PSI;50;Enfermaria;17;
01/05/2021;Franciscano;82;Enfermaria;17;
01/05/2021;PSC;125;Enfermaria;17;
01/05/2021;HMD;74;Enfermaria;17;
02/05/2021;PSI;86;UTI;18;
02/05/2021;Franciscano;76;UTI;18;
02/05/2021;PSC;100;UTI;18;
02/05/2021;HMD;80;UTI;18;
02/05/2021;PSI;17;Enfermaria;18;
02/05/2021;Franciscano;86;Enfermaria;18;
02/05/2021;PSC;125;Enfermaria;18;
02/05/2021;HMD;84;Enfermaria;18;
03/05/2021;PSI;86;UTI;18;
03/05/2021;Franciscano;100;UTI;18;
03/05/2021;PSC;86;UTI;18;
03/05/2021;HMD;76;UTI;18;
03/05/2021;PSI;33;Enfermaria;18;
03/05/2021;Franciscano;93;Enfermaria;18;
03/05/2021;PSC;125;Enfermaria;18;
03/05/2021;HMD;84;Enfermaria;18;
04/05/2021;PSI;86;UTI;18;
04/05/2021;Franciscano;100;UTI;18;
04/05/2021;PSC;100;UTI;18;
04/05/2021;HMD;72;UTI;18;
04/05/2021;PSI;0;Enfermaria;18;
04/05/2021;Franciscano;79;Enfermaria;18;
04/05/2021;PSC;125;Enfermaria;18;
04/05/2021;HMD;74;Enfermaria;18;
05/05/2021;PSI;57;UTI;18;
05/05/2021;Franciscano;94;UTI;18;
05/05/2021;PSC;86;UTI;18;
05/05/2021;HMD;88;UTI;18;
05/05/2021;PSI;17;Enfermaria;18;
05/05/2021;Franciscano;93;Enfermaria;18;
05/05/2021;PSC;125;Enfermaria;18;
05/05/2021;HMD;63;Enfermaria;18;
06/05/2021;PSI;71;UTI;18;
06/05/2021;Franciscano;100;UTI;18;
06/05/2021;PSC;71;UTI;18;
06/05/2021;HMD;92;UTI;18;
06/05/2021;PSI;17;Enfermaria;18;
06/05/2021;Franciscano;82;Enfermaria;18;
06/05/2021;PSC;125;Enfermaria;18;
06/05/2021;HMD;74;Enfermaria;18;
07/05/2021;PSI;86;UTI;18;
07/05/2021;Franciscano;88;UTI;18;
07/05/2021;PSC;86;UTI;18;
07/05/2021;HMD;76;UTI;18;
07/05/2021;PSI;17;Enfermaria;18;
07/05/2021;Franciscano;75;Enfermaria;18;
07/05/2021;PSC;125;Enfermaria;18;
07/05/2021;HMD;63;Enfermaria;18;
08/05/2021;PSI;86;UTI;18;
08/05/2021;Franciscano;94;UTI;18;
08/05/2021;PSC;57;UTI;18;
08/05/2021;HMD;92;UTI;18;
08/05/2021;PSI;33;Enfermaria;18;
08/05/2021;Franciscano;93;Enfermaria;18;
08/05/2021;PSC;125;Enfermaria;18;
08/05/2021;HMD;63;Enfermaria;18;
09/05/2021;PSI;100;UTI;19;
09/05/2021;Franciscano;100;UTI;19;
09/05/2021;PSC;86;UTI;19;
09/05/2021;HMD;80;UTI;19;
09/05/2021;PSI;83;Enfermaria;19;
09/05/2021;Franciscano;86;Enfermaria;19;
09/05/2021;PSC;100;Enfermaria;19;
09/05/2021;HMD;68;Enfermaria;19;
10/05/2021;PSI;100;UTI;19;
10/05/2021;Franciscano;100;UTI;19;
10/05/2021;PSC;100;UTI;19;
10/05/2021;HMD;84;UTI;19;
10/05/2021;PSI;100;Enfermaria;19;
10/05/2021;Franciscano;100;Enfermaria;19;
10/05/2021;PSC;113;Enfermaria;19;
10/05/2021;HMD;68;Enfermaria;19;
11/05/2021;PSI;71;UTI;19;
11/05/2021;Franciscano;76;UTI;19;
11/05/2021;PSC;86;UTI;19;
11/05/2021;HMD;92;UTI;19;
11/05/2021;PSI;100;Enfermaria;19;
11/05/2021;Franciscano;100;Enfermaria;19;
11/05/2021;PSC;125;Enfermaria;19;
11/05/2021;HMD;89;Enfermaria;19;
12/05/2021;PSI;86;UTI;19;
12/05/2021;Franciscano;94;UTI;19;
12/05/2021;PSC;86;UTI;19;
12/05/2021;HMD;80;UTI;19;
12/05/2021;PSI;50;Enfermaria;19;
12/05/2021;Franciscano;89;Enfermaria;19;
12/05/2021;PSC;80;Enfermaria;19;
12/05/2021;HMD;84;Enfermaria;19;
13/05/2021;PSI;86;UTI;19;
13/05/2021;Franciscano;94;UTI;19;
13/05/2021;PSC;100;UTI;19;
13/05/2021;HMD;96;UTI;19;
13/05/2021;PSI;50;Enfermaria;19;
13/05/2021;Franciscano;89;Enfermaria;19;
13/05/2021;PSC;90;Enfermaria;19;
13/05/2021;HMD;63;Enfermaria;19;
14/05/2021;PSI;86;UTI;19;
14/05/2021;Franciscano;100;UTI;19;
14/05/2021;PSC;100;UTI;19;
14/05/2021;HMD;84;UTI;19;
14/05/2021;PSI;33;Enfermaria;19;
14/05/2021;Franciscano;82;Enfermaria;19;
14/05/2021;PSC;100;Enfermaria;19;
14/05/2021;HMD;68;Enfermaria;19;
15/05/2021;PSI;71;UTI;19;
15/05/2021;Franciscano;94;UTI;19;
15/05/2021;PSC;71;UTI;19;
15/05/2021;HMD;80;UTI;19;
15/05/2021;PSI;83;Enfermaria;19;
15/05/2021;Franciscano;100;Enfermaria;19;
15/05/2021;PSC;70;Enfermaria;19;
15/05/2021;HMD;74;Enfermaria;19;
16/05/2021;PSI;71;UTI;20;
16/05/2021;Franciscano;100;UTI;20;
16/05/2021;PSC;86;UTI;20;
16/05/2021;HMD;84;UTI;20;
16/05/2021;PSI;67;Enfermaria;20;
16/05/2021;Franciscano;89;Enfermaria;20;
16/05/2021;PSC;90;Enfermaria;20;
16/05/2021;HMD;74;Enfermaria;20;
17/05/2021;PSI;29;UTI;20;
17/05/2021;Franciscano;94;UTI;20;
17/05/2021;PSC;86;UTI;20;
17/05/2021;HMD;76;UTI;20;
17/05/2021;PSI;83;Enfermaria;20;
17/05/2021;Franciscano;89;Enfermaria;20;
17/05/2021;PSC;90;Enfermaria;20;
17/05/2021;HMD;79;Enfermaria;20;
18/05/2021;PSI;29;UTI;20;
18/05/2021;Franciscano;100;UTI;20;
18/05/2021;PSC;100;UTI;20;
18/05/2021;HMD;64;UTI;20;
18/05/2021;PSI;67;Enfermaria;20;
18/05/2021;Franciscano;86;Enfermaria;20;
18/05/2021;PSC;100;Enfermaria;20;
18/05/2021;HMD;79;Enfermaria;20;
19/05/2021;PSI;14;UTI;20;
19/05/2021;Franciscano;100;UTI;20;
19/05/2021;PSC;71;UTI;20;
19/05/2021;HMD;84;UTI;20;
19/05/2021;PSI;50;Enfermaria;20;
19/05/2021;Franciscano;94;Enfermaria;20;
19/05/2021;PSC;90;Enfermaria;20;
19/05/2021;HMD;74;Enfermaria;20;
20/05/2021;PSI;0;UTI;20;
20/05/2021;Franciscano;100;UTI;20;
20/05/2021;PSC;71;UTI;20;
20/05/2021;HMD;84;UTI;20;
20/05/2021;PSI;33;Enfermaria;20;
20/05/2021;Franciscano;91;Enfermaria;20;
20/05/2021;PSC;50;Enfermaria;20;
20/05/2021;HMD;74;Enfermaria;20;
21/05/2021;PSI;43;UTI;20;
21/05/2021;Franciscano;100;UTI;20;
21/05/2021;PSC;29;UTI;20;
21/05/2021;HMD;76;UTI;20;
21/05/2021;PSI;17;Enfermaria;20;
21/05/2021;Franciscano;66;Enfermaria;20;
21/05/2021;PSC;70;Enfermaria;20;
21/05/2021;HMD;89;Enfermaria;20;
22/05/2021;PSI;57;UTI;20;
22/05/2021;Franciscano;100;UTI;20;
22/05/2021;PSC;71;UTI;20;
22/05/2021;HMD;76;UTI;20;
22/05/2021;PSI;67;Enfermaria;20;
22/05/2021;Franciscano;59;Enfermaria;20;
22/05/2021;PSC;40;Enfermaria;20;
22/05/2021;HMD;89;Enfermaria;20;
23/05/2021;PSI;0;UTI;21;
23/05/2021;Franciscano;0;UTI;21;
23/05/2021;PSC;0;UTI;21;
23/05/2021;HMD;0;UTI;21;
23/05/2021;PSI;0;Enfermaria;21;
23/05/2021;Franciscano;0;Enfermaria;21;
23/05/2021;PSC;0;Enfermaria;21;
23/05/2021;HMD;0;Enfermaria;21;
24/05/2021;PSI;71;UTI;21;
24/05/2021;Franciscano;94;UTI;21;
24/05/2021;PSC;76;UTI;21;
24/05/2021;HMD;100;UTI;21;
24/05/2021;PSI;83;Enfermaria;21;
24/05/2021;Franciscano;69;Enfermaria;21;
24/05/2021;PSC;100;Enfermaria;21;
24/05/2021;HMD;89;Enfermaria;21;
25/05/2021;PSI;29;UTI;21;
25/05/2021;Franciscano;94;UTI;21;
25/05/2021;PSC;100;UTI;21;
25/05/2021;HMD;84;UTI;21;
25/05/2021;PSI;67;Enfermaria;21;
25/05/2021;Franciscano;75;Enfermaria;21;
25/05/2021;PSC;100;Enfermaria;21;
25/05/2021;HMD;58;Enfermaria;21;
26/05/2021;PSI;29;UTI;21;
26/05/2021;Franciscano;100;UTI;21;
26/05/2021;PSC;100;UTI;21;
26/05/2021;HMD;68;UTI;21;
26/05/2021;PSI;67;Enfermaria;21;
26/05/2021;Franciscano;63;Enfermaria;21;
26/05/2021;PSC;100;Enfermaria;21;
26/05/2021;HMD;63;Enfermaria;21;
27/05/2021;PSI;57;UTI;21;
27/05/2021;Franciscano;100;UTI;21;
27/05/2021;PSC;100;UTI;21;
27/05/2021;HMD;84;UTI;21;
27/05/2021;PSI;67;Enfermaria;21;
27/05/2021;Franciscano;72;Enfermaria;21;
27/05/2021;PSC;100;Enfermaria;21;
27/05/2021;HMD;68;Enfermaria;21;
28/05/2021;PSI;43;UTI;21;
28/05/2021;Franciscano;100;UTI;21;
28/05/2021;PSC;71;UTI;21;
28/05/2021;HMD;88;UTI;21;
28/05/2021;PSI;50;Enfermaria;21;
28/05/2021;Franciscano;66;Enfermaria;21;
28/05/2021;PSC;100;Enfermaria;21;
28/05/2021;HMD;74;Enfermaria;21;
29/05/2021;PSI;57;UTI;21;
29/05/2021;Franciscano;100;UTI;21;
29/05/2021;PSC;71;UTI;21;
29/05/2021;HMD;72;UTI;21;
29/05/2021;PSI;100;Enfermaria;21;
29/05/2021;Franciscano;72;Enfermaria;21;
29/05/2021;PSC;90;Enfermaria;21;
29/05/2021;HMD;74;Enfermaria;21;
30/05/2021;PSI;71;UTI;22;
30/05/2021;Franciscano;100;UTI;22;
30/05/2021;PSC;100;UTI;22;
30/05/2021;HMD;84;UTI;22;
30/05/2021;PSI;100;Enfermaria;22;
30/05/2021;Franciscano;72;Enfermaria;22;
30/05/2021;PSC;100;Enfermaria;22;
30/05/2021;HMD;58;Enfermaria;22;
31/05/2021;PSI;43;UTI;22;
31/05/2021;Franciscano;88;UTI;22;
31/05/2021;PSC;100;UTI;22;
31/05/2021;HMD;88;UTI;22;
31/05/2021;PSI;83;Enfermaria;22;
31/05/2021;Franciscano;84;Enfermaria;22;
31/05/2021;PSC;90;Enfermaria;22;
31/05/2021;HMD;68;Enfermaria;22;
01/06/2021;PSI;43;UTI;22;
01/06/2021;Franciscano;88;UTI;22;
01/06/2021;PSC;71;UTI;22;
01/06/2021;HMD;92;UTI;22;
01/06/2021;PSI;33;Enfermaria;22;
01/06/2021;Franciscano;66;Enfermaria;22;
01/06/2021;PSC;90;Enfermaria;22;
01/06/2021;HMD;79;Enfermaria;22;
02/06/2021;PSI;43;UTI;22;
02/06/2021;Franciscano;100;UTI;22;
02/06/2021;PSC;57;UTI;22;
02/06/2021;HMD;92;UTI;22;
02/06/2021;PSI;33;Enfermaria;22;
02/06/2021;Franciscano;59;Enfermaria;22;
02/06/2021;PSC;100;Enfermaria;22;
02/06/2021;HMD;74;Enfermaria;22;
03/06/2021;PSI;57;UTI;22;
03/06/2021;Franciscano;94;UTI;22;
03/06/2021;PSC;86;UTI;22;
03/06/2021;HMD;88;UTI;22;
03/06/2021;PSI;100;Enfermaria;22;
03/06/2021;Franciscano;56;Enfermaria;22;
03/06/2021;PSC;60;Enfermaria;22;
03/06/2021;HMD;68;Enfermaria;22;
04/06/2021;PSI;71;UTI;22;
04/06/2021;Franciscano;82;UTI;22;
04/06/2021;PSC;86;UTI;22;
04/06/2021;HMD;76;UTI;22;
04/06/2021;PSI;83;Enfermaria;22;
04/06/2021;Franciscano;66;Enfermaria;22;
04/06/2021;PSC;90;Enfermaria;22;
04/06/2021;HMD;63;Enfermaria;22;
05/06/2021;PSI;86;UTI;22;
05/06/2021;Franciscano;94;UTI;22;
05/06/2021;PSC;71;UTI;22;
05/06/2021;HMD;76;UTI;22;
05/06/2021;PSI;67;Enfermaria;22;
05/06/2021;Franciscano;63;Enfermaria;22;
05/06/2021;PSC;40;Enfermaria;22;
05/06/2021;HMD;58;Enfermaria;22;
06/06/2021;PSI;86;UTI;23;
06/06/2021;Franciscano;100;UTI;23;
06/06/2021;PSC;71;UTI;23;
06/06/2021;HMD;84;UTI;23;
06/06/2021;PSI;50;Enfermaria;23;
06/06/2021;Franciscano;50;Enfermaria;23;
06/06/2021;PSC;80;Enfermaria;23;
06/06/2021;HMD;63;Enfermaria;23;
07/06/2021;PSI;100;UTI;23;
07/06/2021;Franciscano;100;UTI;23;
07/06/2021;PSC;71;UTI;23;
07/06/2021;HMD;72;UTI;23;
07/06/2021;PSI;100;Enfermaria;23;
07/06/2021;Franciscano;38;Enfermaria;23;
07/06/2021;PSC;30;Enfermaria;23;
07/06/2021;HMD;68;Enfermaria;23;
08/06/2021;PSI;71;UTI;23;
08/06/2021;Franciscano;100;UTI;23;
08/06/2021;PSC;71;UTI;23;
08/06/2021;HMD;68;UTI;23;
08/06/2021;PSI;50;Enfermaria;23;
08/06/2021;Franciscano;53;Enfermaria;23;
08/06/2021;PSC;90;Enfermaria;23;
08/06/2021;HMD;68;Enfermaria;23;
09/06/2021;PSI;71;UTI;23;
09/06/2021;Franciscano;100;UTI;23;
09/06/2021;PSC;57;UTI;23;
09/06/2021;HMD;90;UTI;23;
09/06/2021;PSI;67;Enfermaria;23;
09/06/2021;Franciscano;47;Enfermaria;23;
09/06/2021;PSC;33;Enfermaria;23;
09/06/2021;HMD;74;Enfermaria;23;
10/06/2021;PSI;57;UTI;23;
10/06/2021;Franciscano;94;UTI;23;
10/06/2021;PSC;86;UTI;23;
10/06/2021;HMD;95;UTI;23;
10/06/2021;PSI;83;Enfermaria;23;
10/06/2021;Franciscano;34;Enfermaria;23;
10/06/2021;PSC;100;Enfermaria;23;
10/06/2021;HMD;68;Enfermaria;23;
11/06/2021;PSI;71;UTI;23;
11/06/2021;Franciscano;100;UTI;23;
11/06/2021;PSC;100;UTI;23;
11/06/2021;HMD;100;UTI;23;
11/06/2021;PSI;67;Enfermaria;23;
11/06/2021;Franciscano;28;Enfermaria;23;
11/06/2021;PSC;100;Enfermaria;23;
11/06/2021;HMD;67;Enfermaria;23;
12/06/2021;PSI;71;UTI;23;
12/06/2021;Franciscano;88;UTI;23;
12/06/2021;PSC;100;UTI;23;
12/06/2021;HMD;95;UTI;23;
12/06/2021;PSI;67;Enfermaria;23;
12/06/2021;Franciscano;28;Enfermaria;23;
12/06/2021;PSC;80;Enfermaria;23;
12/06/2021;HMD;78;Enfermaria;23;
13/06/2021;PSI;86;UTI;24;
13/06/2021;Franciscano;100;UTI;24;
13/06/2021;PSC;86;UTI;24;
13/06/2021;HMD;95;UTI;24;
13/06/2021;PSI;33;Enfermaria;24;
13/06/2021;Franciscano;28;Enfermaria;24;
13/06/2021;PSC;90;Enfermaria;24;
13/06/2021;HMD;56;Enfermaria;24;
14/06/2021;PSI;86;UTI;24;
14/06/2021;Franciscano;94;UTI;24;
14/06/2021;PSC;86;UTI;24;
14/06/2021;HMD;86;UTI;24;
14/06/2021;PSI;33;Enfermaria;24;
14/06/2021;Franciscano;28;Enfermaria;24;
14/06/2021;PSC;100;Enfermaria;24;
14/06/2021;HMD;56;Enfermaria;24;
15/06/2021;PSI;43;UTI;24;
15/06/2021;Franciscano;100;UTI;24;
15/06/2021;PSC;100;UTI;24;
15/06/2021;HMD;86;UTI;24;
15/06/2021;PSI;50;Enfermaria;24;
15/06/2021;Franciscano;31;Enfermaria;24;
15/06/2021;PSC;100;Enfermaria;24;
15/06/2021;HMD;67;Enfermaria;24;
16/06/2021;PSI;57;UTI;24;
16/06/2021;Franciscano;100;UTI;24;
16/06/2021;PSC;86;UTI;24;
16/06/2021;HMD;80;UTI;24;
16/06/2021;PSI;83;Enfermaria;24;
16/06/2021;Franciscano;25;Enfermaria;24;
16/06/2021;PSC;90;Enfermaria;24;
16/06/2021;HMD;47;Enfermaria;24;
17/06/2021;PSI;71;UTI;24;
17/06/2021;Franciscano;100;UTI;24;
17/06/2021;PSC;100;UTI;24;
17/06/2021;HMD;88;UTI;24;
17/06/2021;PSI;67;Enfermaria;24;
17/06/2021;Franciscano;31;Enfermaria;24;
17/06/2021;PSC;90;Enfermaria;24;
17/06/2021;HMD;63;Enfermaria;24;
18/06/2021;PSI;71;UTI;24;
18/06/2021;Franciscano;88;UTI;24;
18/06/2021;PSC;86;UTI;24;
18/06/2021;HMD;76;UTI;24;
18/06/2021;PSI;100;Enfermaria;24;
18/06/2021;Franciscano;34;Enfermaria;24;
18/06/2021;PSC;90;Enfermaria;24;
18/06/2021;HMD;74;Enfermaria;24;
19/06/2021;PSI;71;UTI;24;
19/06/2021;Franciscano;100;UTI;24;
19/06/2021;PSC;86;UTI;24;
19/06/2021;HMD;72;UTI;24;
19/06/2021;PSI;29;Enfermaria;24;
19/06/2021;Franciscano;47;Enfermaria;24;
19/06/2021;PSC;70;Enfermaria;24;
19/06/2021;HMD;58;Enfermaria;24;
20/06/2021;PSI;57;UTI;25;
20/06/2021;Franciscano;94;UTI;25;
20/06/2021;PSC;71;UTI;25;
20/06/2021;HMD;88;UTI;25;
20/06/2021;PSI;33;Enfermaria;25;
20/06/2021;Franciscano;47;Enfermaria;25;
20/06/2021;PSC;90;Enfermaria;25;
20/06/2021;HMD;47;Enfermaria;25;
21/06/2021;PSI;57;UTI;25;
21/06/2021;Franciscano;94;UTI;25;
21/06/2021;PSC;71;UTI;25;
21/06/2021;HMD;84;UTI;25;
21/06/2021;PSI;67;Enfermaria;25;
21/06/2021;Franciscano;25;Enfermaria;25;
21/06/2021;PSC;90;Enfermaria;25;
21/06/2021;HMD;47;Enfermaria;25;
22/06/2021;PSI;57;UTI;25;
22/06/2021;Franciscano;100;UTI;25;
22/06/2021;PSC;71;UTI;25;
22/06/2021;HMD;76;UTI;25;
22/06/2021;PSI;83;Enfermaria;25;
22/06/2021;Franciscano;22;Enfermaria;25;
22/06/2021;PSC;90;Enfermaria;25;
22/06/2021;HMD;68;Enfermaria;25;
23/06/2021;PSI;57;UTI;25;
23/06/2021;Franciscano;88;UTI;25;
23/06/2021;PSC;57;UTI;25;
23/06/2021;HMD;88;UTI;25;
23/06/2021;PSI;67;Enfermaria;25;
23/06/2021;Franciscano;28;Enfermaria;25;
23/06/2021;PSC;60;Enfermaria;25;
23/06/2021;HMD;58;Enfermaria;25;
24/06/2021;PSI;71;UTI;25;
24/06/2021;Franciscano;76;UTI;25;
24/06/2021;PSC;86;UTI;25;
24/06/2021;HMD;72;UTI;25;
24/06/2021;PSI;50;Enfermaria;25;
24/06/2021;Franciscano;28;Enfermaria;25;
24/06/2021;PSC;70;Enfermaria;25;
24/06/2021;HMD;68;Enfermaria;25;
25/06/2021;PSI;71;UTI;25;
25/06/2021;Franciscano;65;UTI;25;
25/06/2021;PSC;71;UTI;25;
25/06/2021;HMD;72;UTI;25;
25/06/2021;PSI;50;Enfermaria;25;
25/06/2021;Franciscano;28;Enfermaria;25;
25/06/2021;PSC;90;Enfermaria;25;
25/06/2021;HMD;74;Enfermaria;25;
26/06/2021;PSI;71;UTI;25;
26/06/2021;Franciscano;71;UTI;25;
26/06/2021;PSC;71;UTI;25;
26/06/2021;HMD;72;UTI;25;
26/06/2021;PSI;83;Enfermaria;25;
26/06/2021;Franciscano;44;Enfermaria;25;
26/06/2021;PSC;40;Enfermaria;25;
26/06/2021;HMD;68;Enfermaria;25;
27/06/2021;PSI;29;UTI;26;
27/06/2021;Franciscano;59;UTI;26;
27/06/2021;PSC;100;UTI;26;
27/06/2021;HMD;68;UTI;26;
27/06/2021;PSI;17;Enfermaria;26;
27/06/2021;Franciscano;34;Enfermaria;26;
27/06/2021;PSC;30;Enfermaria;26;
27/06/2021;HMD;68;Enfermaria;26;
28/06/2021;PSI;29;UTI;26;
28/06/2021;Franciscano;47;UTI;26;
28/06/2021;PSC;86;UTI;26;
28/06/2021;HMD;64;UTI;26;
28/06/2021;PSI;50;Enfermaria;26;
28/06/2021;Franciscano;31;Enfermaria;26;
28/06/2021;PSC;30;Enfermaria;26;
28/06/2021;HMD;63;Enfermaria;26;
29/06/2021;PSI;29;UTI;26;
29/06/2021;Franciscano;65;UTI;26;
29/06/2021;PSC;71;UTI;26;
29/06/2021;HMD;56;UTI;26;
29/06/2021;PSI;50;Enfermaria;26;
29/06/2021;Franciscano;19;Enfermaria;26;
29/06/2021;PSC;10;Enfermaria;26;
29/06/2021;HMD;53;Enfermaria;26;
30/06/2021;PSI;14;UTI;26;
30/06/2021;Franciscano;71;UTI;26;
30/06/2021;PSC;29;UTI;26;
30/06/2021;HMD;60;UTI;26;
30/06/2021;PSI;33;Enfermaria;26;
30/06/2021;Franciscano;22;Enfermaria;26;
30/06/2021;PSC;40;Enfermaria;26;
30/06/2021;HMD;47;Enfermaria;26;
01/07/2021;PSI;14;UTI;26;
01/07/2021;Franciscano;71;UTI;26;
01/07/2021;PSC;29;UTI;26;
01/07/2021;HMD;60;UTI;26;
01/07/2021;PSI;50;Enfermaria;26;
01/07/2021;Franciscano;19;Enfermaria;26;
01/07/2021;PSC;30;Enfermaria;26;
01/07/2021;HMD;37;Enfermaria;26;
02/07/2021;PSI;57;UTI;26;
02/07/2021;Franciscano;59;UTI;26;
02/07/2021;PSC;57;UTI;26;
02/07/2021;HMD;48;UTI;26;
02/07/2021;PSI;83;Enfermaria;26;
02/07/2021;Franciscano;16;Enfermaria;26;
02/07/2021;PSC;30;Enfermaria;26;
02/07/2021;HMD;37;Enfermaria;26;
03/07/2021;PSI;71;UTI;26;
03/07/2021;Franciscano;65;UTI;26;
03/07/2021;PSC;57;UTI;26;
03/07/2021;HMD;36;UTI;26;
03/07/2021;PSI;0;Enfermaria;26;
03/07/2021;Franciscano;19;Enfermaria;26;
03/07/2021;PSC;20;Enfermaria;26;
03/07/2021;HMD;26;Enfermaria;26;
04/07/2021;PSI;43;UTI;27;
04/07/2021;Franciscano;53;UTI;27;
04/07/2021;PSC;57;UTI;27;
04/07/2021;HMD;32;UTI;27;
04/07/2021;PSI;83;Enfermaria;27;
04/07/2021;Franciscano;19;Enfermaria;27;
04/07/2021;PSC;20;Enfermaria;27;
04/07/2021;HMD;32;Enfermaria;27;
05/07/2021;PSI;43;UTI;27;
05/07/2021;Franciscano;59;UTI;27;
05/07/2021;PSC;57;UTI;27;
05/07/2021;HMD;32;UTI;27;
05/07/2021;PSI;67;Enfermaria;27;
05/07/2021;Franciscano;16;Enfermaria;27;
05/07/2021;PSC;30;Enfermaria;27;
05/07/2021;HMD;37;Enfermaria;27;
06/07/2021;PSI;14;UTI;27;
06/07/2021;Franciscano;65;UTI;27;
06/07/2021;PSC;57;UTI;27;
06/07/2021;HMD;28;UTI;27;
06/07/2021;PSI;67;Enfermaria;27;
06/07/2021;Franciscano;16;Enfermaria;27;
06/07/2021;PSC;20;Enfermaria;27;
06/07/2021;HMD;21;Enfermaria;27;
07/07/2021;PSI;29;UTI;27;
07/07/2021;Franciscano;76;UTI;27;
07/07/2021;PSC;57;UTI;27;
07/07/2021;HMD;28;UTI;27;
07/07/2021;PSI;0;Enfermaria;27;
07/07/2021;Franciscano;13;Enfermaria;27;
07/07/2021;PSC;20;Enfermaria;27;
07/07/2021;HMD;21;Enfermaria;27;
08/07/2021;PSI;43;UTI;27;
08/07/2021;Franciscano;88;UTI;27;
08/07/2021;PSC;29;UTI;27;
08/07/2021;HMD;24;UTI;27;
08/07/2021;PSI;0;Enfermaria;27;
08/07/2021;Franciscano;13;Enfermaria;27;
08/07/2021;PSC;10;Enfermaria;27;
08/07/2021;HMD;16;Enfermaria;27;
09/07/2021;PSI;0;UTI;27;
09/07/2021;Franciscano;0;UTI;27;
09/07/2021;PSC;0;UTI;27;
09/07/2021;HMD;0;UTI;27;
09/07/2021;PSI;0;Enfermaria;27;
09/07/2021;Franciscano;0;Enfermaria;27;
09/07/2021;PSC;0;Enfermaria;27;
09/07/2021;HMD;0;Enfermaria;27;
10/07/2021;PSI;0;UTI;27;
10/07/2021;Franciscano;0;UTI;27;
10/07/2021;PSC;0;UTI;27;
10/07/2021;HMD;0;UTI;27;
10/07/2021;PSI;0;Enfermaria;27;
10/07/2021;Franciscano;0;Enfermaria;27;
10/07/2021;PSC;0;Enfermaria;27;
10/07/2021;HMD;0;Enfermaria;27;
;;;;;
;;;;;
;;;;;
;;;;;
;;;;;
;;;;;
;;;;;
;;;;;
;;;;;
;;;;;
;;;;;
;;;;;
;;;;;
;;;;;
;;;;;
;;;;;
;;;;;
;;;;;
;;;;;
;;;;;
;;;;;
;;;;;
;;;;;
;;;;;
;;;;;
;;;;;
;;;;;
;;;;;
;;;;;
;;;;;
;;;;;
;;;;;
;;;;;
;;;;;
;;;;;
;;;;;
;;;;;
;;;;;
;;;;;
;;;;;
;;;;;
;;;;;
;;;;;
;;;;;
;;;;;
;;;;;
;;;;;
;;;;;
;;;;;
;;;;;
;;;;;
;;;;;
;;;;;
;;;;;
;;;;;
;;;;;
;;;;;
;;;;;
;;;;;
;;;;;
;;;;;
;;;;;
;;;;;
;;;;;
;;;;;
;;;;;
;;;;;
;;;;;
;;;;;
;;;;;
;;;;;
;;;;;
;;;;;
;;;;;
;;;;;
;;;;;
;;;;;
;;;;;
;;;;;
;;;;;
;;;;;
;;;;;
;;;;;
;;;;;
;;;;;
;;;;;
;;;;;
;;;;;
;;;;;
;;;;;
;;;;;
;;;;;
;;;;;
;;;;;
;;;;;
;;;;;
;;;;;
;;;;;
;;;;;
;;;;;
;;;;;
;;;;;
;;;;;
;;;;;
;;;;;
;;;;;
;;;;;
;;;;;
;;;;;
;;;;;
;;;;;
;;;;;
;;;;;
;;;;;
;;;;;
;;;;;
;;;;;
;;;;;
;;;;;
;;;;;
;;;;;
;;;;;
;;;;;
;;;;;
;;;;;
;;;;;
;;;;;
;;;;;
;;;;;
;;;;;
;;;;;
;;;;;
;;;;;
;;;;;
;;;;;
;;;;;
;;;;;
;;;;;
;;;;;
;;;;;
;;;;;
;;;;;
;;;;;
;;;;;
;;;;;
;;;;;
;;;;;
;;;;;
;;;;;
;;;;;
;;;;;
;;;;;
;;;;;
;;;;;
;;;;;
;;;;;
;;;;;
;;;;;
;;;;;
;;;;;
;;;;;
;;;;;
;;;;;
;;;;;
;;;;;
;;;;;
;;;;;
;;;;;
;;;;;
;;;;;
;;;;;
;;;;;
;;;;;
;;;;;
;;;;;
;;;;;
;;;;;
;;;;;
;;;;;
;;;;;
;;;;;
;;;;;
;;;;;
;;;;;
;;;;;
;;;;;
;;;;;
;;;;;
;;;;;
;;;;;
;;;;;
;;;;;
;;;;;
;;;;;
;;;;;
;;;;;
;;;;;
;;;;;
;;;;;
;;;;;
;;;;;
;;;;;
;;;;;
;;;;;
;;;;;
;;;;;
;;;;;
;;;;;
;;;;;
;;;;;
;;;;;
;;;;;
;;;;;
;;;;;
;;;;;
;;;;;
;;;;;
;;;;;
;;;;;
;;;;;
;;;;;
;;;;;
;;;;;
;;;;;
;;;;;
;;;;;
;;;;;
;;;;;
;;;;;
;;;;;
;;;;;
;;;;;
;;;;;
;;;;;
;;;;;
;;;;;
;;;;;
;;;;;
;;;;;
;;;;;
;;;;;
;;;;;
;;;;;
;;;;;
;;;;;
;;;;;
;;;;;
;;;;;
;;;;;
;;;;;
;;;;;
;;;;;
;;;;;
;;;;;
;;;;;
;;;;;
;;;;;
;;;;;
;;;;;
;;;;;
;;;;;
;;;;;
;;;;;
;;;;;
;;;;;
;;;;;
;;;;;
;;;;;
;;;;;
;;;;;
;;;;;
;;;;;
;;;;;
;;;;;
;;;;;
;;;;;
;;;;;
;;;;;
;;;;;
;;;;;
;;;;;
;;;;;
;;;;;
;;;;;
;;;;;
;;;;;
;;;;;
;;;;;
;;;;;
;;;;;
;;;;;
;;;;;
;;;;;
;;;;;
;;;;;
;;;;;
;;;;;
;;;;;
;;;;;
;;;;;
;;;;;
;;;;;
;;;;;
;;;;;
;;;;;
;;;;;
;;;;;
;;;;;
;;;;;
;;;;;
;;;;;
;;;;;
;;;;;
;;;;;
;;;;;
;;;;;
;;;;;
;;;;;
;;;;;
;;;;;
;;;;;
;;;;;
;;;;;
;;;;;
;;;;;
;;;;;
;;;;;
;;;;;
;;;;;
;;;;;
;;;;;
;;;;;
;;;;;
;;;;;
;;;;;
;;;;;
;;;;;
;;;;;
;;;;;
;;;;;
;;;;;
;;;;;
;;;;;
;;;;;
;;;;;
;;;;;
;;;;;
;;;;;
;;;;;
;;;;;
;;;;;
;;;;;
;;;;;
;;;;;
;;;;;
;;;;;
;;;;;
;;;;;
;;;;;
;;;;;
;;;;;
;;;;;
;;;;;
;;;;;
;;;;;
;;;;;
;;;;;
;;;;;
;;;;;
;;;;;
;;;;;
;;;;;
;;;;;
;;;;;
;;;;;
;;;;;
;;;;;
;;;;;
;;;;;
;;;;;
;;;;;
;;;;;
;;;;;
;;;;;
;;;;;
;;;;;
;;;;;
;;;;;
;;;;;
;;;;;
;;;;;
;;;;;
;;;;;
;;;;;
;;;;;
;;;;;
;;;;;
;;;;;
;;;;;
;;;;;
;;;;;
;;;;;
;;;;;
;;;;;
;;;;;
;;;;;
;;;;;
